longitude,latitude,avg_rad
121.18333382280002,14.029166778900006,6.440000057220459
121.17500048940002,14.025000112200004,16.959999084472656
121.1791671561,14.025000112200004,18.200000762939453
121.18333382280002,14.025000112200004,17.239999771118164
121.1791671561,14.02083344550001,19.010000228881836
121.18333382280002,14.02083344550001,17.18000030517578
121.1875004895,14.02083344550001,6.920000076293945
121.1791671561,14.016666778800008,17.209999084472656
121.18333382280002,14.016666778800008,12.699999809265137
121.1875004895,14.016666778800008,7.940000057220459
121.17500048940002,14.012500112100007,25.790000915527344
121.1791671561,14.012500112100007,20.25
121.18333382280002,14.012500112100007,10.520000457763672
121.1875004895,14.012500112100007,6.789999961853027
121.19166715620003,14.012500112100007,4.46999979019165
121.16666715600002,14.008333445400005,19.020000457763672
121.17083382269999,14.008333445400005,26.799999237060547
121.17500048940002,14.008333445400005,26.8700008392334
121.1791671561,14.008333445400005,20.0
121.18333382280002,14.008333445400005,11.720000267028809
121.1875004895,14.008333445400005,5.079999923706055
121.19166715620003,14.008333445400005,2.9100000858306885
121.16250048929999,14.004166778700004,7.510000228881836
121.16666715600002,14.004166778700004,14.789999961853027
121.17083382269999,14.004166778700004,13.529999732971191
121.17500048940002,14.004166778700004,16.690000534057617
121.1791671561,14.004166778700004,15.050000190734863
121.18333382280002,14.004166778700004,6.579999923706055
121.1875004895,14.004166778700004,4.28000020980835
121.19166715620003,14.004166778700004,3.2100000381469727
121.1958338229,14.004166778700004,2.509999990463257
121.14166715580001,14.00000011200001,2.5399999618530273
121.15416715589998,14.00000011200001,3.940000057220459
121.15833382260001,14.00000011200001,7.070000171661377
121.16250048929999,14.00000011200001,16.90999984741211
121.16666715600002,14.00000011200001,18.170000076293945
121.17083382269999,14.00000011200001,15.680000305175781
121.17500048940002,14.00000011200001,14.069999694824219
121.1791671561,14.00000011200001,12.520000457763672
121.18333382280002,14.00000011200001,4.920000076293945
121.1875004895,14.00000011200001,4.53000020980835
121.19166715620003,14.00000011200001,3.990000009536743
121.1958338229,14.00000011200001,4.21999979019165
121.13750048909998,13.995833445300008,5.96999979019165
121.14166715580001,13.995833445300008,5.909999847412109
121.14583382249998,13.995833445300008,3.6700000762939453
121.15416715589998,13.995833445300008,4.300000190734863
121.15833382260001,13.995833445300008,9.779999732971191
121.16250048929999,13.995833445300008,16.81999969482422
121.16666715600002,13.995833445300008,16.290000915527344
121.17083382269999,13.995833445300008,14.489999771118164
121.17500048940002,13.995833445300008,9.289999961853027
121.1791671561,13.995833445300008,8.710000038146973
121.18333382280002,13.995833445300008,4.050000190734863
121.1875004895,13.995833445300008,3.1700000762939453
121.19166715620003,13.995833445300008,2.4000000953674316
121.1958338229,13.995833445300008,6.179999828338623
121.1333338224,13.991666778600006,2.200000047683716
121.13750048909998,13.991666778600006,4.699999809265137
121.14166715580001,13.991666778600006,7.730000019073486
121.14583382249998,13.991666778600006,3.430000066757202
121.15000048920001,13.991666778600006,2.369999885559082
121.15416715589998,13.991666778600006,3.0399999618530273
121.15833382260001,13.991666778600006,3.450000047683716
121.16250048929999,13.991666778600006,3.819999933242798
121.16666715600002,13.991666778600006,9.84000015258789
121.17083382269999,13.991666778600006,10.6899995803833
121.17500048940002,13.991666778600006,5.230000019073486
121.1791671561,13.991666778600006,5.730000019073486
121.18333382280002,13.991666778600006,3.450000047683716
121.1875004895,13.991666778600006,2.5399999618530273
121.19166715620003,13.991666778600006,2.2200000286102295
121.1958338229,13.991666778600006,3.640000104904175
121.20000048960003,13.991666778600006,3.5
121.12916715570003,13.987500111900005,1.3899999856948853
121.1333338224,13.987500111900005,1.840000033378601
121.13750048909998,13.987500111900005,4.71999979019165
121.14166715580001,13.987500111900005,8.729999542236328
121.14583382249998,13.987500111900005,3.799999952316284
121.15000048920001,13.987500111900005,3.2300000190734863
121.15416715589998,13.987500111900005,3.9000000953674316
121.15833382260001,13.987500111900005,3.8499999046325684
121.16250048929999,13.987500111900005,4.599999904632568
121.16666715600002,13.987500111900005,10.289999961853027
121.17083382269999,13.987500111900005,10.510000228881836
121.17500048940002,13.987500111900005,4.380000114440918
121.1791671561,13.987500111900005,3.680000066757202
121.18333382280002,13.987500111900005,2.450000047683716
121.1875004895,13.987500111900005,1.899999976158142
121.19166715620003,13.987500111900005,1.7799999713897705
121.1958338229,13.987500111900005,1.809999942779541
121.20000048960003,13.987500111900005,1.7400000095367432
121.2041671563,13.987500111900005,1.8700000047683716
121.20833382299998,13.987500111900005,3.130000114440918
121.23750048990001,13.987500111900005,0.8899999856948853
121.24166715659999,13.987500111900005,0.800000011920929
121.12916715570003,13.983333445200003,1.5800000429153442
121.1333338224,13.983333445200003,1.899999976158142
121.13750048909998,13.983333445200003,4.400000095367432
121.14166715580001,13.983333445200003,6.230000019073486
121.14583382249998,13.983333445200003,6.099999904632568
121.15000048920001,13.983333445200003,5.679999828338623
121.15416715589998,13.983333445200003,4.610000133514404
121.15833382260001,13.983333445200003,4.070000171661377
121.16250048929999,13.983333445200003,4.400000095367432
121.16666715600002,13.983333445200003,9.470000267028809
121.17083382269999,13.983333445200003,9.40999984741211
121.17500048940002,13.983333445200003,3.0399999618530273
121.1791671561,13.983333445200003,2.259999990463257
121.18333382280002,13.983333445200003,2.0999999046325684
121.1875004895,13.983333445200003,2.1600000858306885
121.19166715620003,13.983333445200003,1.8799999952316284
121.1958338229,13.983333445200003,1.9299999475479126
121.20000048960003,13.983333445200003,2.2300000190734863
121.2041671563,13.983333445200003,2.559999942779541
121.20833382299998,13.983333445200003,3.240000009536743
121.2125004897,13.983333445200003,3.0899999141693115
121.21666715639998,13.983333445200003,1.8600000143051147
121.23333382319998,13.983333445200003,0.7900000214576721
121.23750048990001,13.983333445200003,0.7699999809265137
121.24166715659999,13.983333445200003,0.7599999904632568
121.24583382330002,13.983333445200003,0.7200000286102295
121.12083382230003,13.979166778500009,1.0800000429153442
121.125000489,13.979166778500009,0.8100000023841858
121.12916715570003,13.979166778500009,1.1799999475479126
121.1333338224,13.979166778500009,1.3899999856948853
121.13750048909998,13.979166778500009,3.190000057220459
121.14166715580001,13.979166778500009,5.170000076293945
121.14583382249998,13.979166778500009,8.579999923706055
121.15000048920001,13.979166778500009,4.860000133514404
121.15416715589998,13.979166778500009,4.619999885559082
121.15833382260001,13.979166778500009,6.269999980926514
121.16250048929999,13.979166778500009,6.489999771118164
121.16666715600002,13.979166778500009,8.229999542236328
121.17083382269999,13.979166778500009,5.559999942779541
121.17500048940002,13.979166778500009,2.7300000190734863
121.1791671561,13.979166778500009,2.299999952316284
121.18333382280002,13.979166778500009,2.109999895095825
121.1875004895,13.979166778500009,2.2300000190734863
121.19166715620003,13.979166778500009,2.2799999713897705
121.1958338229,13.979166778500009,2.4800000190734863
121.20000048960003,13.979166778500009,3.049999952316284
121.2041671563,13.979166778500009,3.049999952316284
121.20833382299998,13.979166778500009,2.319999933242798
121.2125004897,13.979166778500009,2.0399999618530273
121.21666715639998,13.979166778500009,1.6399999856948853
121.22083382310001,13.979166778500009,1.149999976158142
121.22500048979998,13.979166778500009,0.8899999856948853
121.22916715650001,13.979166778500009,0.8600000143051147
121.23333382319998,13.979166778500009,0.8500000238418579
121.23750048990001,13.979166778500009,0.8199999928474426
121.24166715659999,13.979166778500009,0.6899999976158142
121.24583382330002,13.979166778500009,0.7099999785423279
121.125000489,13.975000111800007,0.9800000190734863
121.12916715570003,13.975000111800007,0.8999999761581421
121.1333338224,13.975000111800007,1.940000057220459
121.13750048909998,13.975000111800007,3.1600000858306885
121.14166715580001,13.975000111800007,5.659999847412109
121.14583382249998,13.975000111800007,8.550000190734863
121.15000048920001,13.975000111800007,7.739999771118164
121.15416715589998,13.975000111800007,7.079999923706055
121.15833382260001,13.975000111800007,10.039999961853027
121.16250048929999,13.975000111800007,9.569999694824219
121.16666715600002,13.975000111800007,8.529999732971191
121.17083382269999,13.975000111800007,4.150000095367432
121.17500048940002,13.975000111800007,3.109999895095825
121.1791671561,13.975000111800007,3.2300000190734863
121.18333382280002,13.975000111800007,3.1500000953674316
121.1875004895,13.975000111800007,2.880000114440918
121.19166715620003,13.975000111800007,3.8299999237060547
121.1958338229,13.975000111800007,3.75
121.20000048960003,13.975000111800007,4.050000190734863
121.2041671563,13.975000111800007,3.490000009536743
121.20833382299998,13.975000111800007,1.8700000047683716
121.2125004897,13.975000111800007,1.7000000476837158
121.21666715639998,13.975000111800007,1.340000033378601
121.22083382310001,13.975000111800007,0.9599999785423279
121.22500048979998,13.975000111800007,0.8199999928474426
121.22916715650001,13.975000111800007,0.8899999856948853
121.23333382319998,13.975000111800007,0.8199999928474426
121.23750048990001,13.975000111800007,0.8299999833106995
121.24166715659999,13.975000111800007,0.75
121.24583382330002,13.975000111800007,0.7099999785423279
121.125000489,13.970833445100006,1.149999976158142
121.12916715570003,13.970833445100006,1.0399999618530273
121.1333338224,13.970833445100006,1.3200000524520874
121.13750048909998,13.970833445100006,1.8600000143051147
121.14166715580001,13.970833445100006,4.019999980926514
121.14583382249998,13.970833445100006,5.320000171661377
121.15000048920001,13.970833445100006,7.710000038146973
121.15416715589998,13.970833445100006,9.970000267028809
121.15833382260001,13.970833445100006,13.640000343322754
121.16250048929999,13.970833445100006,15.680000305175781
121.16666715600002,13.970833445100006,15.479999542236328
121.17083382269999,13.970833445100006,8.819999694824219
121.17500048940002,13.970833445100006,6.900000095367432
121.1791671561,13.970833445100006,4.820000171661377
121.18333382280002,13.970833445100006,4.699999809265137
121.1875004895,13.970833445100006,5.369999885559082
121.19166715620003,13.970833445100006,4.289999961853027
121.1958338229,13.970833445100006,4.96999979019165
121.20000048960003,13.970833445100006,5.369999885559082
121.2041671563,13.970833445100006,4.590000152587891
121.20833382299998,13.970833445100006,2.5399999618530273
121.2125004897,13.970833445100006,2.0799999237060547
121.21666715639998,13.970833445100006,1.340000033378601
121.22083382310001,13.970833445100006,1.0499999523162842
121.22500048979998,13.970833445100006,0.8899999856948853
121.22916715650001,13.970833445100006,0.8399999737739563
121.23333382319998,13.970833445100006,0.8199999928474426
121.23750048990001,13.970833445100006,0.8100000023841858
121.24166715659999,13.970833445100006,0.7300000190734863
121.24583382330002,13.970833445100006,0.6700000166893005
121.125000489,13.966666778400004,1.8899999856948853
121.12916715570003,13.966666778400004,1.7300000190734863
121.1333338224,13.966666778400004,2.009999990463257
121.13750048909998,13.966666778400004,2.4800000190734863
121.14166715580001,13.966666778400004,3.799999952316284
121.14583382249998,13.966666778400004,4.369999885559082
121.15000048920001,13.966666778400004,5.300000190734863
121.15416715589998,13.966666778400004,9.039999961853027
121.15833382260001,13.966666778400004,10.170000076293945
121.16250048929999,13.966666778400004,10.039999961853027
121.16666715600002,13.966666778400004,12.140000343322754
121.17083382269999,13.966666778400004,11.329999923706055
121.17500048940002,13.966666778400004,8.680000305175781
121.1791671561,13.966666778400004,7.829999923706055
121.18333382280002,13.966666778400004,8.720000267028809
121.1875004895,13.966666778400004,10.109999656677246
121.19166715620003,13.966666778400004,6.940000057220459
121.1958338229,13.966666778400004,5.659999847412109
121.20000048960003,13.966666778400004,6.139999866485596
121.2041671563,13.966666778400004,4.489999771118164
121.20833382299998,13.966666778400004,2.509999990463257
121.2125004897,13.966666778400004,2.259999990463257
121.21666715639998,13.966666778400004,1.409999966621399
121.22083382310001,13.966666778400004,1.2200000286102295
121.22500048979998,13.966666778400004,1.059999942779541
121.22916715650001,13.966666778400004,0.9300000071525574
121.23333382319998,13.966666778400004,0.9200000166893005
121.23750048990001,13.966666778400004,0.9200000166893005
121.24166715659999,13.966666778400004,0.7200000286102295
121.24583382330002,13.966666778400004,0.6800000071525574
121.12916715570003,13.96250011170001,1.850000023841858
121.1333338224,13.96250011170001,2.4600000381469727
121.13750048909998,13.96250011170001,2.9000000953674316
121.14166715580001,13.96250011170001,3.6500000953674316
121.14583382249998,13.96250011170001,4.519999980926514
121.15000048920001,13.96250011170001,5.800000190734863
121.15416715589998,13.96250011170001,4.710000038146973
121.15833382260001,13.96250011170001,4.659999847412109
121.16250048929999,13.96250011170001,6.789999961853027
121.16666715600002,13.96250011170001,8.279999732971191
121.17083382269999,13.96250011170001,11.369999885559082
121.17500048940002,13.96250011170001,8.470000267028809
121.1791671561,13.96250011170001,8.829999923706055
121.18333382280002,13.96250011170001,8.579999923706055
121.1875004895,13.96250011170001,11.460000038146973
121.19166715620003,13.96250011170001,11.979999542236328
121.1958338229,13.96250011170001,7.519999980926514
121.20000048960003,13.96250011170001,6.429999828338623
121.2041671563,13.96250011170001,4.71999979019165
121.20833382299998,13.96250011170001,2.9200000762939453
121.2125004897,13.96250011170001,3.0799999237060547
121.21666715639998,13.96250011170001,2.109999895095825
121.22083382310001,13.96250011170001,1.2300000190734863
121.22500048979998,13.96250011170001,1.1299999952316284
121.22916715650001,13.96250011170001,0.9800000190734863
121.23333382319998,13.96250011170001,0.8600000143051147
121.23750048990001,13.96250011170001,0.800000011920929
121.24166715659999,13.96250011170001,0.7099999785423279
121.24583382330002,13.96250011170001,0.7200000286102295
121.07500048859998,13.958333445000008,1.7100000381469727
121.07916715530001,13.958333445000008,2.2200000286102295
121.08333382199999,13.958333445000008,1.3899999856948853
121.08750048870002,13.958333445000008,0.8799999952316284
121.09166715539999,13.958333445000008,0.9200000166893005
121.09583382210002,13.958333445000008,0.8600000143051147
121.10000048879999,13.958333445000008,0.8399999737739563
121.10416715550002,13.958333445000008,1.159999966621399
121.1083338222,13.958333445000008,2.319999933242798
121.125000489,13.958333445000008,2.140000104904175
121.12916715570003,13.958333445000008,1.909999966621399
121.1333338224,13.958333445000008,3.109999895095825
121.13750048909998,13.958333445000008,3.4800000190734863
121.14166715580001,13.958333445000008,3.0199999809265137
121.14583382249998,13.958333445000008,6.440000057220459
121.15000048920001,13.958333445000008,7.579999923706055
121.15416715589998,13.958333445000008,5.150000095367432
121.15833382260001,13.958333445000008,5.059999942779541
121.16250048929999,13.958333445000008,9.449999809265137
121.16666715600002,13.958333445000008,10.90999984741211
121.17083382269999,13.958333445000008,9.199999809265137
121.17500048940002,13.958333445000008,7.309999942779541
121.1791671561,13.958333445000008,7.099999904632568
121.18333382280002,13.958333445000008,7.639999866485596
121.1875004895,13.958333445000008,8.239999771118164
121.19166715620003,13.958333445000008,9.220000267028809
121.1958338229,13.958333445000008,5.010000228881836
121.20000048960003,13.958333445000008,3.5399999618530273
121.2041671563,13.958333445000008,3.549999952316284
121.20833382299998,13.958333445000008,3.4600000381469727
121.2125004897,13.958333445000008,3.549999952316284
121.21666715639998,13.958333445000008,2.3499999046325684
121.22083382310001,13.958333445000008,1.340000033378601
121.22500048979998,13.958333445000008,1.1399999856948853
121.22916715650001,13.958333445000008,0.9599999785423279
121.23333382319998,13.958333445000008,0.8899999856948853
121.23750048990001,13.958333445000008,0.8100000023841858
121.24166715659999,13.958333445000008,0.7799999713897705
121.07500048859998,13.954166778300007,1.0499999523162842
121.07916715530001,13.954166778300007,1.6299999952316284
121.08333382199999,13.954166778300007,1.7899999618530273
121.08750048870002,13.954166778300007,1.0299999713897705
121.09166715539999,13.954166778300007,0.9800000190734863
121.09583382210002,13.954166778300007,0.949999988079071
121.10000048879999,13.954166778300007,0.9900000095367432
121.10416715550002,13.954166778300007,1.2000000476837158
121.1083338222,13.954166778300007,1.5700000524520874
121.125000489,13.954166778300007,2.049999952316284
121.12916715570003,13.954166778300007,3.559999942779541
121.1333338224,13.954166778300007,4.070000171661377
121.13750048909998,13.954166778300007,2.940000057220459
121.14166715580001,13.954166778300007,2.819999933242798
121.14583382249998,13.954166778300007,7.46999979019165
121.15000048920001,13.954166778300007,9.930000305175781
121.15416715589998,13.954166778300007,10.729999542236328
121.15833382260001,13.954166778300007,11.6899995803833
121.16250048929999,13.954166778300007,15.010000228881836
121.16666715600002,13.954166778300007,14.010000228881836
121.17083382269999,13.954166778300007,9.539999961853027
121.17500048940002,13.954166778300007,6.309999942779541
121.1791671561,13.954166778300007,5.730000019073486
121.18333382280002,13.954166778300007,6.380000114440918
121.1875004895,13.954166778300007,5.960000038146973
121.19166715620003,13.954166778300007,4.960000038146973
121.1958338229,13.954166778300007,4.630000114440918
121.20000048960003,13.954166778300007,3.0899999141693115
121.2041671563,13.954166778300007,3.0399999618530273
121.20833382299998,13.954166778300007,2.9600000381469727
121.2125004897,13.954166778300007,2.1500000953674316
121.21666715639998,13.954166778300007,1.5099999904632568
121.22083382310001,13.954166778300007,1.0800000429153442
121.22500048979998,13.954166778300007,0.9300000071525574
121.22916715650001,13.954166778300007,0.9200000166893005
121.23333382319998,13.954166778300007,0.8500000238418579
121.23750048990001,13.954166778300007,0.7400000095367432
121.24166715659999,13.954166778300007,0.7799999713897705
121.07083382190001,13.950000111600005,0.46000000834465027
121.07500048859998,13.950000111600005,0.6700000166893005
121.07916715530001,13.950000111600005,1.809999942779541
121.08333382199999,13.950000111600005,1.899999976158142
121.08750048870002,13.950000111600005,1.5099999904632568
121.09166715539999,13.950000111600005,1.0099999904632568
121.09583382210002,13.950000111600005,1.0299999713897705
121.10000048879999,13.950000111600005,1.149999976158142
121.10416715550002,13.950000111600005,1.2899999618530273
121.1083338222,13.950000111600005,1.8300000429153442
121.125000489,13.950000111600005,2.809999942779541
121.12916715570003,13.950000111600005,4.059999942779541
121.1333338224,13.950000111600005,6.090000152587891
121.13750048909998,13.950000111600005,5.179999828338623
121.14166715580001,13.950000111600005,5.130000114440918
121.14583382249998,13.950000111600005,7.079999923706055
121.15000048920001,13.950000111600005,9.1899995803833
121.15416715589998,13.950000111600005,17.219999313354492
121.15833382260001,13.950000111600005,18.040000915527344
121.16250048929999,13.950000111600005,18.3799991607666
121.16666715600002,13.950000111600005,15.149999618530273
121.17083382269999,13.950000111600005,11.5
121.17500048940002,13.950000111600005,7.010000228881836
121.1791671561,13.950000111600005,5.730000019073486
121.18333382280002,13.950000111600005,6.170000076293945
121.1875004895,13.950000111600005,5.309999942779541
121.19166715620003,13.950000111600005,4.230000019073486
121.1958338229,13.950000111600005,2.799999952316284
121.20000048960003,13.950000111600005,2.380000114440918
121.2041671563,13.950000111600005,2.0199999809265137
121.20833382299998,13.950000111600005,1.8799999952316284
121.2125004897,13.950000111600005,1.5099999904632568
121.21666715639998,13.950000111600005,1.1399999856948853
121.22083382310001,13.950000111600005,0.8100000023841858
121.22500048979998,13.950000111600005,0.8500000238418579
121.22916715650001,13.950000111600005,0.8199999928474426
121.23333382319998,13.950000111600005,0.7900000214576721
121.23750048990001,13.950000111600005,0.699999988079071
121.24166715659999,13.950000111600005,0.6800000071525574
121.07083382190001,13.945833444900003,0.38999998569488525
121.07500048859998,13.945833444900003,0.550000011920929
121.07916715530001,13.945833444900003,1.6399999856948853
121.08333382199999,13.945833444900003,1.9900000095367432
121.08750048870002,13.945833444900003,1.5299999713897705
121.09166715539999,13.945833444900003,1.1699999570846558
121.09583382210002,13.945833444900003,1.1799999475479126
121.10000048879999,13.945833444900003,1.2400000095367432
121.10416715550002,13.945833444900003,1.3600000143051147
121.1083338222,13.945833444900003,2.0
121.11250048890003,13.945833444900003,2.509999990463257
121.12083382230003,13.945833444900003,4.320000171661377
121.125000489,13.945833444900003,6.400000095367432
121.12916715570003,13.945833444900003,7.519999980926514
121.1333338224,13.945833444900003,8.399999618530273
121.13750048909998,13.945833444900003,11.960000038146973
121.14166715580001,13.945833444900003,7.190000057220459
121.14583382249998,13.945833444900003,8.15999984741211
121.15000048920001,13.945833444900003,10.180000305175781
121.15416715589998,13.945833444900003,19.200000762939453
121.15833382260001,13.945833444900003,17.959999084472656
121.16250048929999,13.945833444900003,14.670000076293945
121.16666715600002,13.945833444900003,13.640000343322754
121.17083382269999,13.945833444900003,13.010000228881836
121.17500048940002,13.945833444900003,7.349999904632568
121.1791671561,13.945833444900003,6.079999923706055
121.18333382280002,13.945833444900003,5.340000152587891
121.1875004895,13.945833444900003,4.150000095367432
121.19166715620003,13.945833444900003,3.2799999713897705
121.1958338229,13.945833444900003,3.2100000381469727
121.20000048960003,13.945833444900003,2.490000009536743
121.2041671563,13.945833444900003,1.7699999809265137
121.20833382299998,13.945833444900003,1.590000033378601
121.2125004897,13.945833444900003,1.440000057220459
121.21666715639998,13.945833444900003,1.2999999523162842
121.22083382310001,13.945833444900003,0.9700000286102295
121.22500048979998,13.945833444900003,0.8399999737739563
121.22916715650001,13.945833444900003,0.7200000286102295
121.23333382319998,13.945833444900003,0.6499999761581421
121.23750048990001,13.945833444900003,0.6499999761581421
121.06666715519998,13.941666778200009,0.4399999976158142
121.07083382190001,13.941666778200009,0.49000000953674316
121.07500048859998,13.941666778200009,0.6200000047683716
121.07916715530001,13.941666778200009,1.0
121.08333382199999,13.941666778200009,1.5499999523162842
121.08750048870002,13.941666778200009,1.909999966621399
121.09166715539999,13.941666778200009,1.2999999523162842
121.09583382210002,13.941666778200009,1.350000023841858
121.10000048879999,13.941666778200009,1.25
121.10416715550002,13.941666778200009,1.7000000476837158
121.1083338222,13.941666778200009,4.210000038146973
121.11250048890003,13.941666778200009,4.590000152587891
121.1166671556,13.941666778200009,4.090000152587891
121.12083382230003,13.941666778200009,7.96999979019165
121.125000489,13.941666778200009,8.569999694824219
121.12916715570003,13.941666778200009,7.760000228881836
121.1333338224,13.941666778200009,8.5
121.13750048909998,13.941666778200009,12.569999694824219
121.14166715580001,13.941666778200009,12.800000190734863
121.14583382249998,13.941666778200009,11.430000305175781
121.15000048920001,13.941666778200009,16.989999771118164
121.15416715589998,13.941666778200009,23.639999389648438
121.15833382260001,13.941666778200009,22.469999313354492
121.16250048929999,13.941666778200009,17.43000030517578
121.16666715600002,13.941666778200009,14.760000228881836
121.17083382269999,13.941666778200009,10.3100004196167
121.17500048940002,13.941666778200009,8.140000343322754
121.1791671561,13.941666778200009,7.610000133514404
121.18333382280002,13.941666778200009,6.260000228881836
121.1875004895,13.941666778200009,3.869999885559082
121.19166715620003,13.941666778200009,3.2100000381469727
121.1958338229,13.941666778200009,3.309999942779541
121.20000048960003,13.941666778200009,2.25
121.2041671563,13.941666778200009,1.7100000381469727
121.20833382299998,13.941666778200009,1.5700000524520874
121.2125004897,13.941666778200009,1.5499999523162842
121.21666715639998,13.941666778200009,1.2699999809265137
121.22083382310001,13.941666778200009,0.9900000095367432
121.22500048979998,13.941666778200009,0.8700000047683716
121.22916715650001,13.941666778200009,0.699999988079071
121.23333382319998,13.941666778200009,0.5799999833106995
121.23750048990001,13.941666778200009,0.550000011920929
121.07083382190001,13.937500111500007,0.7300000190734863
121.07500048859998,13.937500111500007,0.75
121.07916715530001,13.937500111500007,1.0399999618530273
121.08333382199999,13.937500111500007,1.9600000381469727
121.08750048870002,13.937500111500007,2.990000009536743
121.09166715539999,13.937500111500007,2.0399999618530273
121.09583382210002,13.937500111500007,1.3899999856948853
121.10000048879999,13.937500111500007,1.659999966621399
121.10416715550002,13.937500111500007,2.0799999237060547
121.1083338222,13.937500111500007,5.849999904632568
121.11250048890003,13.937500111500007,5.699999809265137
121.1166671556,13.937500111500007,4.670000076293945
121.12083382230003,13.937500111500007,8.829999923706055
121.125000489,13.937500111500007,9.260000228881836
121.12916715570003,13.937500111500007,7.269999980926514
121.1333338224,13.937500111500007,6.690000057220459
121.13750048909998,13.937500111500007,5.239999771118164
121.14166715580001,13.937500111500007,5.980000019073486
121.14583382249998,13.937500111500007,7.909999847412109
121.15000048920001,13.937500111500007,16.110000610351562
121.15416715589998,13.937500111500007,17.200000762939453
121.15833382260001,13.937500111500007,17.809999465942383
121.16250048929999,13.937500111500007,19.56999969482422
121.16666715600002,13.937500111500007,13.739999771118164
121.17083382269999,13.937500111500007,9.979999542236328
121.17500048940002,13.937500111500007,7.670000076293945
121.1791671561,13.937500111500007,5.840000152587891
121.18333382280002,13.937500111500007,5.380000114440918
121.1875004895,13.937500111500007,4.570000171661377
121.19166715620003,13.937500111500007,4.070000171661377
121.1958338229,13.937500111500007,4.230000019073486
121.20000048960003,13.937500111500007,2.240000009536743
121.2041671563,13.937500111500007,1.7100000381469727
121.20833382299998,13.937500111500007,1.5800000429153442
121.2125004897,13.937500111500007,1.4900000095367432
121.21666715639998,13.937500111500007,1.4299999475479126
121.22083382310001,13.937500111500007,1.2899999618530273
121.22500048979998,13.937500111500007,0.9200000166893005
121.22916715650001,13.937500111500007,0.7099999785423279
121.23333382319998,13.937500111500007,0.6100000143051147
121.23750048990001,13.937500111500007,0.6100000143051147
121.07500048859998,13.933333444800006,0.8100000023841858
121.07916715530001,13.933333444800006,1.1299999952316284
121.08333382199999,13.933333444800006,2.9600000381469727
121.08750048870002,13.933333444800006,4.21999979019165
121.09166715539999,13.933333444800006,3.5899999141693115
121.09583382210002,13.933333444800006,2.0999999046325684
121.10000048879999,13.933333444800006,3.069999933242798
121.10416715550002,13.933333444800006,3.5
121.1083338222,13.933333444800006,6.519999980926514
121.11250048890003,13.933333444800006,7.900000095367432
121.1166671556,13.933333444800006,8.779999732971191
121.12083382230003,13.933333444800006,5.920000076293945
121.125000489,13.933333444800006,4.519999980926514
121.12916715570003,13.933333444800006,3.069999933242798
121.1333338224,13.933333444800006,4.119999885559082
121.13750048909998,13.933333444800006,4.489999771118164
121.14166715580001,13.933333444800006,5.690000057220459
121.14583382249998,13.933333444800006,7.099999904632568
121.15000048920001,13.933333444800006,7.670000076293945
121.15416715589998,13.933333444800006,8.119999885559082
121.15833382260001,13.933333444800006,10.359999656677246
121.16250048929999,13.933333444800006,11.770000457763672
121.16666715600002,13.933333444800006,9.4399995803833
121.17083382269999,13.933333444800006,9.010000228881836
121.17500048940002,13.933333444800006,6.420000076293945
121.1791671561,13.933333444800006,4.289999961853027
121.18333382280002,13.933333444800006,3.930000066757202
121.1875004895,13.933333444800006,4.880000114440918
121.19166715620003,13.933333444800006,5.920000076293945
121.1958338229,13.933333444800006,5.929999828338623
121.20000048960003,13.933333444800006,2.5899999141693115
121.2041671563,13.933333444800006,2.200000047683716
121.20833382299998,13.933333444800006,2.2899999618530273
121.2125004897,13.933333444800006,1.8700000047683716
121.21666715639998,13.933333444800006,1.6100000143051147
121.22083382310001,13.933333444800006,1.4800000190734863
121.22500048979998,13.933333444800006,1.159999966621399
121.22916715650001,13.933333444800006,0.9399999976158142
121.23333382319998,13.933333444800006,0.800000011920929
121.07500048859998,13.929166778100004,0.8899999856948853
121.07916715530001,13.929166778100004,1.3300000429153442
121.08333382199999,13.929166778100004,4.079999923706055
121.08750048870002,13.929166778100004,5.110000133514404
121.09166715539999,13.929166778100004,4.429999828338623
121.09583382210002,13.929166778100004,4.71999979019165
121.10000048879999,13.929166778100004,6.420000076293945
121.10416715550002,13.929166778100004,7.78000020980835
121.1083338222,13.929166778100004,9.90999984741211
121.11250048890003,13.929166778100004,8.300000190734863
121.1166671556,13.929166778100004,8.59000015258789
121.12083382230003,13.929166778100004,4.949999809265137
121.125000489,13.929166778100004,3.2899999618530273
121.12916715570003,13.929166778100004,2.3399999141693115
121.1333338224,13.929166778100004,4.289999961853027
121.13750048909998,13.929166778100004,5.309999942779541
121.14166715580001,13.929166778100004,6.340000152587891
121.14583382249998,13.929166778100004,6.099999904632568
121.15000048920001,13.929166778100004,6.389999866485596
121.15416715589998,13.929166778100004,6.300000190734863
121.15833382260001,13.929166778100004,7.380000114440918
121.16250048929999,13.929166778100004,8.1899995803833
121.16666715600002,13.929166778100004,7.730000019073486
121.17083382269999,13.929166778100004,6.929999828338623
121.17500048940002,13.929166778100004,5.28000020980835
121.1791671561,13.929166778100004,3.950000047683716
121.18333382280002,13.929166778100004,3.180000066757202
121.1875004895,13.929166778100004,3.4700000286102295
121.19166715620003,13.929166778100004,4.019999980926514
121.1958338229,13.929166778100004,4.159999847412109
121.20000048960003,13.929166778100004,2.130000114440918
121.2041671563,13.929166778100004,2.25
121.20833382299998,13.929166778100004,2.2300000190734863
121.2125004897,13.929166778100004,1.7100000381469727
121.21666715639998,13.929166778100004,1.6799999475479126
121.22083382310001,13.929166778100004,1.590000033378601
121.22500048979998,13.929166778100004,1.2799999713897705
121.22916715650001,13.929166778100004,1.0700000524520874
121.23333382319998,13.929166778100004,0.8600000143051147
121.08750048870002,13.925000111400003,3.7899999618530273
121.09166715539999,13.925000111400003,3.4700000286102295
121.1083338222,13.925000111400003,9.920000076293945
121.11250048890003,13.925000111400003,7.579999923706055
121.1166671556,13.925000111400003,5.519999980926514
121.12083382230003,13.925000111400003,3.2699999809265137
121.125000489,13.925000111400003,2.490000009536743
121.12916715570003,13.925000111400003,2.5299999713897705
121.1333338224,13.925000111400003,3.5899999141693115
121.13750048909998,13.925000111400003,3.4700000286102295
121.14166715580001,13.925000111400003,4.75
121.14583382249998,13.925000111400003,5.619999885559082
121.15000048920001,13.925000111400003,6.230000019073486
121.15416715589998,13.925000111400003,6.090000152587891
121.15833382260001,13.925000111400003,5.699999809265137
121.16250048929999,13.925000111400003,4.760000228881836
121.16666715600002,13.925000111400003,4.699999809265137
121.17083382269999,13.925000111400003,8.399999618530273
121.17500048940002,13.925000111400003,5.949999809265137
121.1791671561,13.925000111400003,3.809999942779541
121.18333382280002,13.925000111400003,2.8499999046325684
121.1875004895,13.925000111400003,2.930000066757202
121.19166715620003,13.925000111400003,3.380000114440918
121.1958338229,13.925000111400003,2.7100000381469727
121.20000048960003,13.925000111400003,1.899999976158142
121.2041671563,13.925000111400003,2.059999942779541
121.20833382299998,13.925000111400003,2.0399999618530273
121.2125004897,13.925000111400003,1.75
121.21666715639998,13.925000111400003,1.7599999904632568
121.22083382310001,13.925000111400003,1.5
121.22500048979998,13.925000111400003,1.2699999809265137
121.22916715650001,13.925000111400003,1.1200000047683716
121.23333382319998,13.925000111400003,0.8100000023841858
121.23750048990001,13.925000111400003,0.75
121.11250048890003,13.920833444700008,4.889999866485596
121.1166671556,13.920833444700008,2.809999942779541
121.12083382230003,13.920833444700008,2.430000066757202
121.125000489,13.920833444700008,2.549999952316284
121.12916715570003,13.920833444700008,2.559999942779541
121.1333338224,13.920833444700008,2.8499999046325684
121.13750048909998,13.920833444700008,3.0
121.14166715580001,13.920833444700008,3.9100000858306885
121.14583382249998,13.920833444700008,4.559999942779541
121.15000048920001,13.920833444700008,4.739999771118164
121.15416715589998,13.920833444700008,3.240000009536743
121.15833382260001,13.920833444700008,3.049999952316284
121.16250048929999,13.920833444700008,5.039999961853027
121.16666715600002,13.920833444700008,5.119999885559082
121.17083382269999,13.920833444700008,7.300000190734863
121.17500048940002,13.920833444700008,5.619999885559082
121.1791671561,13.920833444700008,4.269999980926514
121.18333382280002,13.920833444700008,3.0
121.1875004895,13.920833444700008,2.690000057220459
121.19166715620003,13.920833444700008,2.319999933242798
121.1958338229,13.920833444700008,1.9199999570846558
121.20000048960003,13.920833444700008,1.659999966621399
121.2041671563,13.920833444700008,1.75
121.20833382299998,13.920833444700008,1.7000000476837158
121.2125004897,13.920833444700008,1.5
121.21666715639998,13.920833444700008,1.5399999618530273
121.22083382310001,13.920833444700008,1.4500000476837158
121.22500048979998,13.920833444700008,1.4600000381469727
121.22916715650001,13.920833444700008,1.2300000190734863
121.23333382319998,13.920833444700008,0.9300000071525574
121.23750048990001,13.920833444700008,0.8799999952316284
121.1166671556,13.916666778000007,2.2100000381469727
121.12083382230003,13.916666778000007,2.2100000381469727
121.125000489,13.916666778000007,2.4700000286102295
121.12916715570003,13.916666778000007,2.5199999809265137
121.1333338224,13.916666778000007,2.130000114440918
121.13750048909998,13.916666778000007,2.3499999046325684
121.14166715580001,13.916666778000007,5.420000076293945
121.14583382249998,13.916666778000007,6.260000228881836
121.15000048920001,13.916666778000007,4.28000020980835
121.15416715589998,13.916666778000007,2.690000057220459
121.15833382260001,13.916666778000007,2.490000009536743
121.16250048929999,13.916666778000007,4.889999866485596
121.16666715600002,13.916666778000007,6.440000057220459
121.17083382269999,13.916666778000007,5.650000095367432
121.17500048940002,13.916666778000007,5.190000057220459
121.1791671561,13.916666778000007,5.489999771118164
121.18333382280002,13.916666778000007,5.889999866485596
121.1875004895,13.916666778000007,4.71999979019165
121.19166715620003,13.916666778000007,2.5199999809265137
121.1958338229,13.916666778000007,2.059999942779541
121.20000048960003,13.916666778000007,1.8600000143051147
121.2041671563,13.916666778000007,1.6799999475479126
121.20833382299998,13.916666778000007,1.5499999523162842
121.2125004897,13.916666778000007,1.3600000143051147
121.21666715639998,13.916666778000007,1.2799999713897705
121.22083382310001,13.916666778000007,1.3300000429153442
121.22500048979998,13.916666778000007,1.5399999618530273
121.22916715650001,13.916666778000007,1.350000023841858
121.23333382319998,13.916666778000007,1.1100000143051147
121.1166671556,13.912500111300005,1.8899999856948853
121.12083382230003,13.912500111300005,2.0199999809265137
121.125000489,13.912500111300005,1.9299999475479126
121.12916715570003,13.912500111300005,1.909999966621399
121.1333338224,13.912500111300005,1.840000033378601
121.13750048909998,13.912500111300005,3.2200000286102295
121.14166715580001,13.912500111300005,5.309999942779541
121.14583382249998,13.912500111300005,6.340000152587891
121.15000048920001,13.912500111300005,4.039999961853027
121.15416715589998,13.912500111300005,2.559999942779541
121.15833382260001,13.912500111300005,2.619999885559082
121.16250048929999,13.912500111300005,2.4200000762939453
121.16666715600002,13.912500111300005,2.8399999141693115
121.17083382269999,13.912500111300005,2.7899999618530273
121.17500048940002,13.912500111300005,3.7300000190734863
121.1791671561,13.912500111300005,4.789999961853027
121.18333382280002,13.912500111300005,6.769999980926514
121.1875004895,13.912500111300005,6.440000057220459
121.19166715620003,13.912500111300005,3.5199999809265137
121.1958338229,13.912500111300005,2.319999933242798
121.20000048960003,13.912500111300005,2.140000104904175
121.2041671563,13.912500111300005,1.7999999523162842
121.20833382299998,13.912500111300005,1.590000033378601
121.2125004897,13.912500111300005,1.3799999952316284
121.21666715639998,13.912500111300005,1.350000023841858
121.22083382310001,13.912500111300005,1.3200000524520874
121.22500048979998,13.912500111300005,1.3799999952316284
121.22916715650001,13.912500111300005,1.2000000476837158
121.23333382319998,13.912500111300005,1.0299999713897705
121.23750048990001,13.912500111300005,0.9100000262260437
121.12083382230003,13.908333444600004,1.690000057220459
121.125000489,13.908333444600004,2.0
121.12916715570003,13.908333444600004,1.8200000524520874
121.1333338224,13.908333444600004,2.0
121.13750048909998,13.908333444600004,3.4000000953674316
121.14166715580001,13.908333444600004,5.150000095367432
121.14583382249998,13.908333444600004,6.860000133514404
121.15000048920001,13.908333444600004,5.840000152587891
121.15416715589998,13.908333444600004,2.390000104904175
121.15833382260001,13.908333444600004,2.200000047683716
121.16250048929999,13.908333444600004,2.0299999713897705
121.16666715600002,13.908333444600004,2.0199999809265137
121.17083382269999,13.908333444600004,2.569999933242798
121.17500048940002,13.908333444600004,2.2300000190734863
121.1791671561,13.908333444600004,2.140000104904175
121.18333382280002,13.908333444600004,5.050000190734863
121.1875004895,13.908333444600004,5.789999961853027
121.19166715620003,13.908333444600004,4.369999885559082
121.1958338229,13.908333444600004,2.9700000286102295
121.20000048960003,13.908333444600004,2.299999952316284
121.2041671563,13.908333444600004,1.8799999952316284
121.20833382299998,13.908333444600004,1.6100000143051147
121.2125004897,13.908333444600004,1.4900000095367432
121.21666715639998,13.908333444600004,1.3700000047683716
121.22083382310001,13.908333444600004,1.340000033378601
121.22500048979998,13.908333444600004,1.2400000095367432
121.22916715650001,13.908333444600004,1.190000057220459
121.23333382319998,13.908333444600004,1.0800000429153442
121.23750048990001,13.908333444600004,1.0099999904632568
121.12083382230003,13.90416677790001,1.7599999904632568
121.125000489,13.90416677790001,2.0399999618530273
121.12916715570003,13.90416677790001,2.0399999618530273
121.1333338224,13.90416677790001,2.75
121.13750048909998,13.90416677790001,3.759999990463257
121.14166715580001,13.90416677790001,5.190000057220459
121.14583382249998,13.90416677790001,7.039999961853027
121.15000048920001,13.90416677790001,5.289999961853027
121.15416715589998,13.90416677790001,2.190000057220459
121.15833382260001,13.90416677790001,2.0899999141693115
121.16250048929999,13.90416677790001,1.899999976158142
121.16666715600002,13.90416677790001,2.0399999618530273
121.17083382269999,13.90416677790001,2.930000066757202
121.17500048940002,13.90416677790001,2.450000047683716
121.1791671561,13.90416677790001,1.840000033378601
121.18333382280002,13.90416677790001,1.9700000286102295
121.1875004895,13.90416677790001,3.7799999713897705
121.19166715620003,13.90416677790001,4.820000171661377
121.1958338229,13.90416677790001,3.609999895095825
121.20000048960003,13.90416677790001,2.880000114440918
121.2041671563,13.90416677790001,1.850000023841858
121.20833382299998,13.90416677790001,1.690000057220459
121.21666715639998,13.90416677790001,1.25
121.22083382310001,13.90416677790001,1.2699999809265137
121.22500048979998,13.90416677790001,1.2799999713897705
121.22916715650001,13.90416677790001,1.25
121.23333382319998,13.90416677790001,1.190000057220459
121.23750048990001,13.90416677790001,1.1299999952316284
121.12916715570003,13.900000111200008,2.319999933242798
121.1333338224,13.900000111200008,2.759999990463257
121.13750048909998,13.900000111200008,3.6500000953674316
121.14166715580001,13.900000111200008,3.799999952316284
121.14583382249998,13.900000111200008,6.949999809265137
121.15000048920001,13.900000111200008,6.130000114440918
121.15416715589998,13.900000111200008,3.3399999141693115
121.15833382260001,13.900000111200008,2.3499999046325684
121.16250048929999,13.900000111200008,1.9600000381469727
121.16666715600002,13.900000111200008,1.9199999570846558
121.17083382269999,13.900000111200008,2.5299999713897705
121.17500048940002,13.900000111200008,2.2899999618530273
121.1791671561,13.900000111200008,1.7200000286102295
121.18333382280002,13.900000111200008,1.5299999713897705
121.1875004895,13.900000111200008,2.0899999141693115
121.19166715620003,13.900000111200008,3.940000057220459
121.1958338229,13.900000111200008,4.389999866485596
121.20000048960003,13.900000111200008,4.03000020980835
121.2041671563,13.900000111200008,1.8300000429153442
121.22500048979998,13.900000111200008,1.3600000143051147
121.22916715650001,13.900000111200008,1.159999966621399
121.23333382319998,13.900000111200008,1.1799999475479126
121.23750048990001,13.900000111200008,1.2200000286102295
121.24166715659999,13.900000111200008,1.440000057220459
121.24583382330002,13.900000111200008,1.350000023841858
121.125000489,13.895833444500006,1.8799999952316284
121.12916715570003,13.895833444500006,2.0999999046325684
121.1333338224,13.895833444500006,2.490000009536743
121.13750048909998,13.895833444500006,3.5199999809265137
121.14166715580001,13.895833444500006,3.1500000953674316
121.14583382249998,13.895833444500006,4.760000228881836
121.15000048920001,13.895833444500006,5.130000114440918
121.15416715589998,13.895833444500006,3.8399999141693115
121.15833382260001,13.895833444500006,2.3299999237060547
121.16250048929999,13.895833444500006,2.009999990463257
121.16666715600002,13.895833444500006,1.3799999952316284
121.17083382269999,13.895833444500006,1.3600000143051147
121.17500048940002,13.895833444500006,1.600000023841858
121.1791671561,13.895833444500006,1.4900000095367432
121.18333382280002,13.895833444500006,1.5700000524520874
121.1875004895,13.895833444500006,1.6299999952316284
121.19166715620003,13.895833444500006,2.6600000858306885
121.1958338229,13.895833444500006,3.450000047683716
121.20000048960003,13.895833444500006,3.819999933242798
121.22916715650001,13.895833444500006,1.1699999570846558
121.23333382319998,13.895833444500006,1.159999966621399
121.23750048990001,13.895833444500006,1.159999966621399
121.24166715659999,13.895833444500006,1.2699999809265137
121.24583382330002,13.895833444500006,1.2799999713897705
121.25000048999999,13.895833444500006,1.2200000286102295
121.25416715670002,13.895833444500006,1.190000057220459
121.125000489,13.891666777800005,1.590000033378601
121.12916715570003,13.891666777800005,1.5
121.1333338224,13.891666777800005,2.0999999046325684
121.13750048909998,13.891666777800005,3.119999885559082
121.14166715580001,13.891666777800005,2.990000009536743
121.14583382249998,13.891666777800005,2.7300000190734863
121.15000048920001,13.891666777800005,3.619999885559082
121.15416715589998,13.891666777800005,4.980000019073486
121.15833382260001,13.891666777800005,2.700000047683716
121.16250048929999,13.891666777800005,2.490000009536743
121.16666715600002,13.891666777800005,1.7999999523162842
121.17083382269999,13.891666777800005,1.3600000143051147
121.17500048940002,13.891666777800005,1.3899999856948853
121.1791671561,13.891666777800005,1.3600000143051147
121.18333382280002,13.891666777800005,1.3799999952316284
121.1875004895,13.891666777800005,1.3799999952316284
121.19166715620003,13.891666777800005,1.399999976158142
121.1958338229,13.891666777800005,2.009999990463257
121.20000048960003,13.891666777800005,2.690000057220459
121.23750048990001,13.891666777800005,2.049999952316284
121.24166715659999,13.891666777800005,2.3299999237060547
121.24583382330002,13.891666777800005,2.299999952316284
121.25000048999999,13.891666777800005,1.4500000476837158
121.25416715670002,13.891666777800005,1.399999976158142
121.2583338234,13.891666777800005,1.309999942779541
121.125000489,13.887500111100003,1.4299999475479126
121.12916715570003,13.887500111100003,1.399999976158142
121.1333338224,13.887500111100003,1.4900000095367432
121.13750048909998,13.887500111100003,1.6399999856948853
121.14166715580001,13.887500111100003,1.3200000524520874
121.14583382249998,13.887500111100003,1.5099999904632568
121.15000048920001,13.887500111100003,2.390000104904175
121.15416715589998,13.887500111100003,4.53000020980835
121.15833382260001,13.887500111100003,2.690000057220459
121.16250048929999,13.887500111100003,2.309999942779541
121.16666715600002,13.887500111100003,1.8700000047683716
121.17083382269999,13.887500111100003,1.440000057220459
121.17500048940002,13.887500111100003,1.2599999904632568
121.1791671561,13.887500111100003,1.2999999523162842
121.18333382280002,13.887500111100003,1.440000057220459
121.1875004895,13.887500111100003,1.4199999570846558
121.19166715620003,13.887500111100003,1.2699999809265137
121.1958338229,13.887500111100003,1.4600000381469727
121.25000048999999,13.887500111100003,4.559999942779541
121.25416715670002,13.887500111100003,3.380000114440918
121.2583338234,13.887500111100003,1.940000057220459
121.26250049010002,13.887500111100003,1.8700000047683716
121.2666671568,13.887500111100003,1.9900000095367432
121.27083382350003,13.887500111100003,1.2699999809265137
121.1333338224,13.883333444400009,1.5199999809265137
121.13750048909998,13.883333444400009,1.399999976158142
121.14166715580001,13.883333444400009,1.2999999523162842
121.14583382249998,13.883333444400009,1.409999966621399
121.15000048920001,13.883333444400009,3.509999990463257
121.15416715589998,13.883333444400009,3.75
121.15833382260001,13.883333444400009,2.440000057220459
121.16250048929999,13.883333444400009,2.1700000762939453
121.16666715600002,13.883333444400009,1.850000023841858
121.17083382269999,13.883333444400009,1.5199999809265137
121.17500048940002,13.883333444400009,1.4299999475479126
121.1791671561,13.883333444400009,1.5399999618530273
121.18333382280002,13.883333444400009,1.4500000476837158
121.1875004895,13.883333444400009,1.559999942779541
121.19166715620003,13.883333444400009,1.309999942779541
121.1333338224,13.879166777700007,1.7000000476837158
121.13750048909998,13.879166777700007,1.3799999952316284
121.14166715580001,13.879166777700007,1.100000023841858
121.14583382249998,13.879166777700007,1.3600000143051147
121.15000048920001,13.879166777700007,3.1600000858306885
121.15416715589998,13.879166777700007,4.150000095367432
121.15833382260001,13.879166777700007,2.2799999713897705
121.16250048929999,13.879166777700007,1.940000057220459
121.16666715600002,13.879166777700007,1.6200000047683716
121.17083382269999,13.879166777700007,1.6399999856948853
121.17500048940002,13.879166777700007,1.399999976158142
121.1791671561,13.879166777700007,1.3700000047683716
121.18333382280002,13.879166777700007,1.4900000095367432
121.1333338224,13.875000111000006,1.4700000286102295
121.13750048909998,13.875000111000006,1.3700000047683716
121.14166715580001,13.875000111000006,1.2799999713897705
121.14583382249998,13.875000111000006,2.190000057220459
121.15000048920001,13.875000111000006,3.8399999141693115
121.15416715589998,13.875000111000006,3.9200000762939453
121.15833382260001,13.875000111000006,2.309999942779541
121.16250048929999,13.875000111000006,1.559999942779541
121.16666715600002,13.875000111000006,1.4700000286102295
121.17083382269999,13.875000111000006,1.5099999904632568
121.17500048940002,13.875000111000006,1.5399999618530273
121.1791671561,13.875000111000006,1.3300000429153442
121.12916715570003,13.870833444300004,1.690000057220459
121.14166715580001,13.870833444300004,1.4900000095367432
121.14583382249998,13.870833444300004,2.240000009536743
121.15000048920001,13.870833444300004,4.090000152587891
121.15416715589998,13.870833444300004,3.440000057220459
121.15833382260001,13.870833444300004,1.75
121.16250048929999,13.870833444300004,1.649999976158142
121.16666715600002,13.870833444300004,1.3799999952316284
121.17083382269999,13.870833444300004,1.2699999809265137
121.17500048940002,13.870833444300004,1.2699999809265137
121.15416715589998,13.86666677760001,1.399999976158142
121.15833382260001,13.86666677760001,1.409999966621399
121.16250048929999,13.86666677760001,1.659999966621399
121.16666715600002,13.86666677760001,1.559999942779541
121.16250048929999,13.862500110900008,1.340000033378601
