longitude,latitude,NDVI,NDVI_rescaled,red_reflectance,NIR_reflectance,NDVI_calculated
121.1779569,14.02708333,6954,0.6954,779,4336,0.69540567
121.1822517,14.02708333,7214,0.7214,735,4542,0.721432632
121.1800504,14.02291667,6562,0.6562,1059,5102,0.656224639
121.184345,14.02291667,6882,0.6882,859,4651,0.688203267
121.1778498,14.01875,5722,0.5722,954,3507,0.572293208
121.1821444,14.01875,5485,0.5485,1055,3619,0.548566538
121.186439,14.01875,7701,0.7701,486,3743,0.77015843
121.1756499,14.01458333,5267,0.5267,920,2968,0.526748971
121.1799444,14.01458333,5156,0.5156,1130,3536,0.515645092
121.1842389,14.01458333,6068,0.6068,808,3302,0.606812652
121.1885334,14.01458333,6527,0.6527,636,3027,0.652743653
121.1691564,14.01041667,9374,0.9374,90,2787,0.937434828
121.1734508,14.01041667,5631,0.5631,827,2959,0.563127311
121.1777452,14.01041667,4977,0.4977,1010,3012,0.497762307
121.1820396,14.01041667,7489,0.7489,567,3950,0.748948417
121.1863341,14.01041667,8202,0.8202,419,4244,0.820287369
121.1906285,14.01041667,8564,0.8564,352,4552,0.856443719
121.1669581,14.00625,7603,0.7603,433,3180,0.760309992
121.1712524,14.00625,8264,0.8264,311,3274,0.826499303
121.1755467,14.00625,4234,0.4234,1424,3516,0.423481781
121.1798411,14.00625,3504,0.3504,1673,3478,0.350417395
121.1841354,14.00625,7994,0.7994,438,3930,0.799450549
121.1884298,14.00625,6975,0.6975,732,4109,0.697583144
121.1927241,14.00625,7957,0.7957,512,4501,0.795731099
121.1604662,14.00208333,5748,0.5748,875,3241,0.574829932
121.1647604,14.00208333,5258,0.5258,950,3057,0.525829798
121.1690547,14.00208333,7448,0.7448,678,4636,0.744824991
121.173349,14.00208333,4667,0.4667,1389,3821,0.466794626
121.1776432,14.00208333,4918,0.4918,1159,3403,0.491889522
121.1819375,14.00208333,7771,0.7771,508,4051,0.777144111
121.1862318,14.00208333,7247,0.7247,621,3892,0.724795037
121.190526,14.00208333,7541,0.7541,575,4102,0.754115886
121.1948203,14.00208333,7757,0.7757,543,4299,0.775712515
121.1410926,13.99791667,8540,0.854,279,3544,0.854041329
121.1453868,13.99791667,8766,0.8766,246,3743,0.876660817
121.1539752,13.99791667,8171,0.8171,414,4114,0.817137809
121.1582694,13.99791667,5599,0.5599,912,3233,0.559951749
121.1625635,13.99791667,5383,0.5383,872,2906,0.538380095
121.1668577,13.99791667,5775,0.5775,858,3204,0.577548006
121.1711519,13.99791667,7440,0.744,534,3639,0.744069015
121.1754461,13.99791667,7226,0.7226,573,3559,0.722652469
121.1797403,13.99791667,7665,0.7665,474,3587,0.766559961
121.1840345,13.99791667,7431,0.7431,590,4005,0.743199129
121.1883286,13.99791667,7758,0.7758,565,4477,0.775882586
121.1926228,13.99791667,8055,0.8055,486,4512,0.805522209
121.196917,13.99791667,8468,0.8468,348,4198,0.846898372
121.1346027,13.99375,9061,0.9061,202,4104,0.906177427
121.1388968,13.99375,8219,0.8219,344,3521,0.821992238
121.1431909,13.99375,8864,0.8864,249,4136,0.886431015
121.1517792,13.99375,8125,0.8125,398,3849,0.812573581
121.1560733,13.99375,8084,0.8084,424,4003,0.808448159
121.1603674,13.99375,8512,0.8512,346,4306,0.851246776
121.1646615,13.99375,7539,0.7539,540,3850,0.753986333
121.1689556,13.99375,6543,0.6543,755,3614,0.654383154
121.1732497,13.99375,6919,0.6919,671,3685,0.691919192
121.1775438,13.99375,7472,0.7472,559,3864,0.747230387
121.1818379,13.99375,7186,0.7186,665,4062,0.718637614
121.186132,13.99375,7935,0.7935,498,4327,0.79357513
121.1904261,13.99375,7522,0.7522,595,4208,0.752238184
121.1947202,13.99375,8347,0.8347,401,4451,0.834707337
121.1990143,13.99375,8180,0.818,420,4196,0.818024263
121.1324077,13.98958333,9177,0.9177,183,4265,0.917715827
121.1367018,13.98958333,6753,0.6753,777,4010,0.675370796
121.1409958,13.98958333,8504,0.8504,321,3973,0.850489054
121.1452898,13.98958333,8511,0.8511,312,3880,0.851145038
121.1495839,13.98958333,8784,0.8784,255,3940,0.878426698
121.1538779,13.98958333,8633,0.8633,329,4486,0.863343718
121.1581719,13.98958333,8198,0.8198,317,3202,0.81983518
121.1624659,13.98958333,7131,0.7131,561,3351,0.713190184
121.16676,13.98958333,8470,0.847,320,3865,0.847072879
121.171054,13.98958333,7676,0.7676,476,3621,0.767634855
121.175348,13.98958333,7677,0.7677,500,3806,0.767765908
121.1796421,13.98958333,8114,0.8114,425,4084,0.811488135
121.1839361,13.98958333,7666,0.7666,551,4172,0.766673724
121.1882301,13.98958333,7642,0.7642,527,3943,0.764205817
121.1925241,13.98958333,8177,0.8177,412,4109,0.817739438
121.1968182,13.98958333,8003,0.8003,460,4147,0.800303885
121.2011122,13.98958333,8201,0.8201,437,4422,0.820127598
121.2397585,13.98958333,9329,0.9329,155,4468,0.932943976
121.1302135,13.98541667,9168,0.9168,182,4196,0.916857012
121.1345074,13.98541667,8750,0.875,289,4337,0.875054042
121.1388014,13.98541667,8430,0.843,397,4662,0.843051987
121.1430953,13.98541667,7689,0.7689,455,3483,0.768918233
121.1473893,13.98541667,7997,0.7997,406,3648,0.799703996
121.1516832,13.98541667,7903,0.7903,397,3390,0.790335358
121.1559772,13.98541667,5996,0.5996,1290,5154,0.599627561
121.1602711,13.98541667,9081,0.9081,75,1558,0.908144519
121.1645651,13.98541667,8459,0.8459,261,3127,0.8459268
121.168859,13.98541667,6601,0.6601,633,3092,0.660134228
121.173153,13.98541667,8069,0.8069,377,3528,0.806914213
121.1774469,13.98541667,7933,0.7933,439,3810,0.793363144
121.1817409,13.98541667,7083,0.7083,631,3696,0.708342963
121.1860348,13.98541667,6187,0.6187,749,3180,0.618732502
121.1903288,13.98541667,8015,0.8015,476,4321,0.801542631
121.1946227,13.98541667,8083,0.8083,457,4311,0.808305369
121.1989167,13.98541667,8201,0.8201,437,4422,0.820127598
121.2032106,13.98541667,7697,0.7697,469,3605,0.76975945
121.2075046,13.98541667,7760,0.776,511,4053,0.77607362
121.2332683,13.98541667,9351,0.9351,168,5014,0.93516017
121.2375622,13.98541667,9300,0.93,185,5101,0.930003784
121.2418562,13.98541667,9436,0.9436,106,3658,0.943676939
121.2461501,13.98541667,3897,0.3897,862,1963,0.389734513
121.123726,13.98125,9731,0.9731,31,2278,0.973148549
121.1280199,13.98125,8903,0.8903,236,4070,0.890385509
121.1323138,13.98125,8358,0.8358,395,4418,0.835861209
121.1366077,13.98125,7773,0.7773,521,4158,0.777302842
121.1409015,13.98125,8226,0.8226,466,4790,0.822678843
121.1451954,13.98125,9427,0.9427,57,1936,0.942799799
121.1494893,13.98125,8718,0.8718,104,1519,0.871842267
121.1537832,13.98125,9117,0.9117,199,4312,0.911771226
121.158077,13.98125,7686,0.7686,244,1865,0.768610716
121.1623709,13.98125,8547,0.8547,117,1494,0.854748603
121.1666648,13.98125,6446,0.6446,594,2749,0.644630571
121.1709587,13.98125,7926,0.7926,544,4703,0.792643415
121.1752525,13.98125,7208,0.7208,817,5036,0.720826926
121.1795464,13.98125,7075,0.7075,758,4425,0.707505306
121.1838403,13.98125,6414,0.6414,750,3433,0.64140569
121.1881341,13.98125,7665,0.7665,468,3541,0.766525318
121.192428,13.98125,8636,0.8636,335,4579,0.863654864
121.1967219,13.98125,7966,0.7966,479,4231,0.796602972
121.2010158,13.98125,7323,0.7323,594,3844,0.732311852
121.2053096,13.98125,7252,0.7252,630,3956,0.725250763
121.2096035,13.98125,8421,0.8421,380,4435,0.842159917
121.2138974,13.98125,8515,0.8515,346,4317,0.851597684
121.2181913,13.98125,8766,0.8766,292,4441,0.876611029
121.2224851,13.98125,9374,0.9374,152,4705,0.937409924
121.226779,13.98125,9409,0.9409,146,4802,0.940986257
121.2310729,13.98125,9478,0.9478,112,4185,0.947870607
121.2353668,13.98125,9405,0.9405,137,4470,0.940525288
121.2396606,13.98125,9363,0.9363,162,4928,0.936345776
121.2439545,13.98125,8959,0.8959,239,4353,0.895905923
121.2482484,13.98125,8752,0.8752,264,3970,0.875295229
121.1215333,13.97708333,9211,0.9211,178,4339,0.921186628
121.1258271,13.97708333,7427,0.7427,509,3448,0.742734395
121.1301209,13.97708333,8945,0.8945,240,4314,0.894598155
121.1344147,13.97708333,7753,0.7753,546,4314,0.775308642
121.1387085,13.97708333,7624,0.7624,570,4228,0.762401
121.1430023,13.97708333,5871,0.5871,1064,4091,0.587196896
121.1472961,13.97708333,7343,0.7343,624,4074,0.734355045
121.1515899,13.97708333,8183,0.8183,404,4043,0.818304475
121.1558837,13.97708333,7896,0.7896,480,4084,0.789658195
121.1601775,13.97708333,5361,0.5361,984,3259,0.536177233
121.1644713,13.97708333,5293,0.5293,963,3129,0.529325513
121.168765,13.97708333,6051,0.6051,769,3126,0.605134788
121.1730588,13.97708333,8227,0.8227,435,4472,0.822702262
121.1773526,13.97708333,8304,0.8304,402,4340,0.830451286
121.1816464,13.97708333,7045,0.7045,626,3612,0.704577631
121.1859402,13.97708333,7808,0.7808,506,4111,0.78081005
121.190234,13.97708333,7321,0.7321,660,4269,0.7321972
121.1945278,13.97708333,7294,0.7294,678,4334,0.729449322
121.1988216,13.97708333,5620,0.562,822,2932,0.562067128
121.2031154,13.97708333,7936,0.7936,472,4103,0.793661202
121.2074092,13.97708333,8470,0.847,391,4723,0.847086429
121.211703,13.97708333,8820,0.882,283,4516,0.882058762
121.2159968,13.97708333,8790,0.879,279,4334,0.879037503
121.2202906,13.97708333,8779,0.8779,304,4677,0.877936157
121.2245844,13.97708333,9409,0.9409,146,4802,0.940986257
121.2288782,13.97708333,9479,0.9479,119,4452,0.947932619
121.233172,13.97708333,9405,0.9405,137,4470,0.940525288
121.2374658,13.97708333,9342,0.9342,171,5033,0.934281322
121.2417596,13.97708333,9261,0.9261,184,4798,0.926134083
121.2460534,13.97708333,9290,0.929,173,4701,0.929011079
121.123635,13.97291667,6917,0.6917,812,4456,0.691723614
121.1279287,13.97291667,5153,0.5153,1685,5269,0.515386828
121.1322224,13.97291667,9476,0.9476,133,4951,0.947678993
121.1365161,13.97291667,8743,0.8743,300,4475,0.87434555
121.1408099,13.97291667,7893,0.7893,442,3755,0.789373362
121.1451036,13.97291667,6902,0.6902,655,3574,0.690234098
121.1493973,13.97291667,7809,0.7809,480,3902,0.780921953
121.153691,13.97291667,8254,0.8254,384,4016,0.825454545
121.1579847,13.97291667,6136,0.6136,918,3834,0.613636364
121.1622784,13.97291667,5720,0.572,918,3372,0.572027972
121.1665722,13.97291667,5155,0.5155,975,3050,0.51552795
121.1708659,13.97291667,6802,0.6802,636,3342,0.680241327
121.1751596,13.97291667,7273,0.7273,589,3731,0.727314815
121.1794533,13.97291667,8019,0.8019,454,4131,0.801962923
121.183747,13.97291667,6762,0.6762,868,4494,0.676240209
121.1880408,13.97291667,7862,0.7862,533,4454,0.786244235
121.1923345,13.97291667,7541,0.7541,484,3454,0.754189944
121.1966282,13.97291667,5620,0.562,822,2932,0.562067128
121.2009219,13.97291667,6958,0.6958,713,3975,0.695819113
121.2052156,13.97291667,6887,0.6887,647,3510,0.688717825
121.2095093,13.97291667,8053,0.8053,440,4080,0.805309735
121.2138031,13.97291667,8495,0.8495,342,4203,0.84950495
121.2180968,13.97291667,8954,0.8954,254,4607,0.895494754
121.2223905,13.97291667,9135,0.9135,193,4270,0.913511091
121.2266842,13.97291667,9339,0.9339,156,4566,0.933926302
121.2309779,13.97291667,9355,0.9355,170,5102,0.935508346
121.2352716,13.97291667,9353,0.9353,175,5240,0.935364728
121.2395654,13.97291667,9342,0.9342,171,5033,0.934281322
121.2438591,13.97291667,9290,0.929,173,4701,0.929011079
121.1257372,13.96875,7527,0.7527,607,4304,0.752799837
121.1300309,13.96875,8840,0.884,295,4795,0.884086444
121.1343245,13.96875,6875,0.6875,776,4191,0.687537749
121.1386182,13.96875,6357,0.6357,855,3840,0.635782748
121.1429118,13.96875,7320,0.732,608,3931,0.732099581
121.1472054,13.96875,7770,0.777,490,3905,0.77701934
121.1514991,13.96875,7657,0.7657,497,3746,0.765731794
121.1557927,13.96875,6207,0.6207,797,3406,0.620747085
121.1600864,13.96875,6272,0.6272,775,3383,0.627224627
121.16438,13.96875,5155,0.5155,975,3050,0.51552795
121.1686736,13.96875,6112,0.6112,780,3233,0.611263394
121.1729673,13.96875,7372,0.7372,561,3710,0.737298057
121.1772609,13.96875,8559,0.8559,332,4278,0.855965293
121.1815546,13.96875,6810,0.681,619,3263,0.681092221
121.1858482,13.96875,8243,0.8243,405,4206,0.824333116
121.1901418,13.96875,7600,0.76,571,4189,0.760084034
121.1944355,13.96875,7216,0.7216,685,4237,0.721657863
121.1987291,13.96875,6140,0.614,881,3684,0.614019715
121.2030228,13.96875,6524,0.6524,779,3704,0.652464867
121.2073164,13.96875,7812,0.7812,487,3966,0.781271053
121.21161,13.96875,8188,0.8188,424,4258,0.81888082
121.2159037,13.96875,9072,0.9072,226,4646,0.907224959
121.2201973,13.96875,9170,0.917,187,4324,0.917091554
121.224491,13.96875,9188,0.9188,171,4045,0.918880455
121.2287846,13.96875,9251,0.9251,172,4422,0.925119721
121.2330782,13.96875,9439,0.9439,122,4231,0.943946703
121.2373719,13.96875,9459,0.9459,117,4215,0.94598338
121.2416655,13.96875,9353,0.9353,145,4344,0.935397639
121.2459592,13.96875,9373,0.9373,162,5010,0.937354988
121.1278401,13.96458333,8331,0.8331,373,4099,0.833184258
121.1321336,13.96458333,6875,0.6875,776,4191,0.687537749
121.1364272,13.96458333,7780,0.778,492,3942,0.778078484
121.1407207,13.96458333,7541,0.7541,476,3396,0.754132231
121.1450143,13.96458333,7017,0.7017,641,3657,0.701721731
121.1493079,13.96458333,5778,0.5778,922,3446,0.577838828
121.1536014,13.96458333,7658,0.7658,524,3952,0.765862377
121.157895,13.96458333,7282,0.7282,647,4114,0.72820836
121.1621886,13.96458333,7107,0.7107,600,3549,0.71077368
121.1664821,13.96458333,4593,0.4593,1011,2729,0.459358289
121.1707757,13.96458333,4317,0.4317,1166,2938,0.431773879
121.1750692,13.96458333,7045,0.7045,605,3491,0.704589844
121.1793628,13.96458333,7457,0.7457,421,2891,0.745772947
121.1836564,13.96458333,8969,0.8969,171,3149,0.896987952
121.1879499,13.96458333,7201,0.7201,648,3983,0.720146837
121.1922435,13.96458333,7612,0.7612,612,4515,0.761263897
121.1965371,13.96458333,7060,0.706,731,4242,0.706012467
121.2008306,13.96458333,5804,0.5804,925,3484,0.58040372
121.2051242,13.96458333,8044,0.8044,465,4291,0.804457527
121.2094177,13.96458333,8397,0.8397,364,4179,0.839753467
121.2137113,13.96458333,8381,0.8381,364,4135,0.838186264
121.2180049,13.96458333,8917,0.8917,270,4718,0.891740176
121.2222984,13.96458333,9146,0.9146,216,4844,0.914624506
121.226592,13.96458333,9197,0.9197,201,4808,0.91974446
121.2308856,13.96458333,9440,0.944,153,5316,0.944048272
121.2351791,13.96458333,9394,0.9394,160,5123,0.939428355
121.2394727,13.96458333,9407,0.9407,152,4981,0.940775375
121.2437662,13.96458333,9376,0.9376,142,4413,0.937650933
121.0784216,13.96041667,6924,0.6924,373,2053,0.692497939
121.0827151,13.96041667,6454,0.6454,395,1833,0.645421903
121.1041825,13.96041667,8662,0.8662,175,2442,0.866259075
121.1256499,13.96041667,7803,0.7803,501,4060,0.780311335
121.1299434,13.96041667,7807,0.7807,535,4346,0.780782627
121.1342369,13.96041667,6838,0.6838,641,3414,0.683847102
121.1385304,13.96041667,7975,0.7975,486,4315,0.797542179
121.1428239,13.96041667,6518,0.6518,924,4384,0.65184627
121.1471174,13.96041667,5904,0.5904,885,3437,0.590467376
121.1514109,13.96041667,5918,0.5918,842,3284,0.59185652
121.1557043,13.96041667,6866,0.6866,657,3536,0.686620558
121.1599978,13.96041667,6987,0.6987,649,3660,0.698770016
121.1642913,13.96041667,5099,0.5099,969,2986,0.509987358
121.1685848,13.96041667,6522,0.6522,719,3416,0.652237001
121.1728783,13.96041667,7494,0.7494,544,3799,0.749481925
121.1771718,13.96041667,4910,0.491,1384,4055,0.49108292
121.1814653,13.96041667,6349,0.6349,907,4062,0.634936607
121.1857587,13.96041667,4226,0.4226,1964,4839,0.422607673
121.1900522,13.96041667,6773,0.6773,717,3728,0.677390326
121.1943457,13.96041667,7599,0.7599,577,4231,0.759983361
121.1986392,13.96041667,6000,0.6,878,3513,0.600091095
121.2029327,13.96041667,7765,0.7765,525,4175,0.776595745
121.2072262,13.96041667,8427,0.8427,378,4431,0.84279476
121.2115196,13.96041667,6371,0.6371,760,3429,0.637144903
121.2158131,13.96041667,8349,0.8349,389,4324,0.834924676
121.2201066,13.96041667,9000,0.9,247,4694,0.900020239
121.2244001,13.96041667,9248,0.9248,186,4764,0.924848485
121.2286936,13.96041667,9319,0.9319,177,5028,0.931988473
121.2329871,13.96041667,9440,0.944,153,5316,0.944048272
121.2372806,13.96041667,9407,0.9407,152,4981,0.940775375
121.241574,13.96041667,9396,0.9396,174,5588,0.939604304
121.0762331,13.95625,7935,0.7935,518,4500,0.793543244
121.0805265,13.95625,8009,0.8009,434,3926,0.800917431
121.0848199,13.95625,8310,0.831,413,4476,0.831049294
121.0891133,13.95625,8553,0.8553,340,4360,0.855319149
121.0934067,13.95625,8615,0.8615,352,4732,0.861526357
121.0977001,13.95625,3194,0.3194,2066,4006,0.319499341
121.1019935,13.95625,3462,0.3462,1731,3565,0.346299094
121.1062869,13.95625,7292,0.7292,445,2842,0.729236386
121.127754,13.95625,7543,0.7543,606,4328,0.754357519
121.1320474,13.95625,7290,0.729,594,3791,0.729076397
121.1363408,13.95625,6397,0.6397,667,3036,0.639751553
121.1406342,13.95625,7931,0.7931,240,2081,0.793192589
121.1449276,13.95625,6637,0.6637,683,3379,0.663712457
121.149221,13.95625,3740,0.374,1195,2623,0.37401781
121.1535144,13.95625,4734,0.4734,1027,2874,0.473468341
121.1578078,13.95625,6613,0.6613,690,3385,0.661349693
121.1621012,13.95625,5099,0.5099,969,2986,0.509987358
121.1663946,13.95625,6522,0.6522,719,3416,0.652237001
121.170688,13.95625,7702,0.7702,434,3344,0.770248809
121.1749814,13.95625,7339,0.7339,650,4237,0.733988132
121.1792749,13.95625,8437,0.8437,247,2914,0.843720342
121.1835683,13.95625,8239,0.8239,258,2673,0.82395087
121.1878617,13.95625,8663,0.8663,219,3057,0.866300366
121.1921551,13.95625,7068,0.7068,678,3948,0.706874189
121.1964485,13.95625,8057,0.8057,483,4489,0.805711987
121.2007419,13.95625,6441,0.6441,720,3327,0.644180875
121.2050353,13.95625,6762,0.6762,673,3484,0.676208804
121.2093287,13.95625,8364,0.8364,385,4324,0.83648333
121.2136221,13.95625,8202,0.8202,418,4234,0.820292347
121.2179155,13.95625,8325,0.8325,406,4443,0.832542792
121.2222089,13.95625,8734,0.8734,342,5063,0.873450509
121.2265023,13.95625,9134,0.9134,226,4998,0.913476263
121.2307957,13.95625,9345,0.9345,163,4817,0.934538153
121.2350892,13.95625,9374,0.9374,159,4925,0.937450826
121.2393826,13.95625,9306,0.9306,183,5095,0.930655551
121.243676,13.95625,9396,0.9396,174,5588,0.939604304
121.0740453,13.95208333,7922,0.7922,462,3986,0.792266187
121.0783386,13.95208333,8163,0.8163,488,4827,0.816368768
121.0826319,13.95208333,8427,0.8427,373,4370,0.842715581
121.0869253,13.95208333,8547,0.8547,308,3933,0.854751238
121.0912186,13.95208333,8494,0.8494,374,4596,0.849496982
121.0955119,13.95208333,8439,0.8439,389,4598,0.843994385
121.0998052,13.95208333,8356,0.8356,394,4401,0.835662148
121.1040986,13.95208333,8901,0.8901,216,3717,0.890160183
121.1083919,13.95208333,8900,0.89,189,3249,0.890052356
121.1255652,13.95208333,7510,0.751,598,4207,0.751092612
121.1298586,13.95208333,6691,0.6691,708,3572,0.669158879
121.1341519,13.95208333,5865,0.5865,693,2659,0.586515513
121.1384452,13.95208333,7938,0.7938,238,2071,0.793850152
121.1427385,13.95208333,7456,0.7456,534,3665,0.745653727
121.1470319,13.95208333,8044,0.8044,282,2602,0.80443828
121.1513252,13.95208333,7819,0.7819,291,2378,0.781940802
121.1556185,13.95208333,7761,0.7761,325,2579,0.776170799
121.1599119,13.95208333,6347,0.6347,442,1978,0.634710744
121.1642052,13.95208333,6515,0.6515,439,2081,0.651587302
121.1684985,13.95208333,7073,0.7073,376,2194,0.707392996
121.1727919,13.95208333,7563,0.7563,333,2400,0.756311745
121.1770852,13.95208333,8637,0.8637,215,2940,0.863708399
121.1813785,13.95208333,8251,0.8251,266,2776,0.825115056
121.1856718,13.95208333,8380,0.838,246,2792,0.83805135
121.1899652,13.95208333,7807,0.7807,489,3971,0.780717489
121.1942585,13.95208333,8191,0.8191,433,4356,0.819168929
121.1985518,13.95208333,9658,0.9658,58,3335,0.965811966
121.2028452,13.95208333,7512,0.7512,510,3591,0.751280176
121.2071385,13.95208333,7779,0.7779,509,4075,0.777923211
121.2114318,13.95208333,8459,0.8459,374,4480,0.845900288
121.2157252,13.95208333,7999,0.7999,479,4309,0.799916458
121.2200185,13.95208333,8578,0.8578,353,4614,0.857861888
121.2243118,13.95208333,9023,0.9023,232,4518,0.902315789
121.2286051,13.95208333,9345,0.9345,163,4817,0.934538153
121.2328985,13.95208333,9497,0.9497,119,4622,0.94979962
121.2371918,13.95208333,9427,0.9427,126,4275,0.942740286
121.2414851,13.95208333,9777,0.9777,50,4452,0.97778765
121.0718582,13.94791667,7922,0.7922,462,3986,0.792266187
121.0761514,13.94791667,8120,0.812,478,4608,0.812033032
121.0804447,13.94791667,8624,0.8624,350,4740,0.862475442
121.0847379,13.94791667,8198,0.8198,439,4434,0.819823517
121.0890312,13.94791667,8319,0.8319,378,4121,0.831962658
121.0933244,13.94791667,8172,0.8172,402,3997,0.817231189
121.0976177,13.94791667,8359,0.8359,324,3627,0.835990888
121.1019109,13.94791667,8239,0.8239,452,4682,0.823918972
121.1062042,13.94791667,8936,0.8936,147,2617,0.893632417
121.1104974,13.94791667,8831,0.8831,276,4449,0.883174603
121.1233772,13.94791667,7832,0.7832,372,3061,0.78327993
121.1276705,13.94791667,8775,0.8775,139,2131,0.87753304
121.1319637,13.94791667,7081,0.7081,408,2388,0.708154506
121.136257,13.94791667,6906,0.6906,472,2580,0.690694626
121.1405502,13.94791667,7991,0.7991,272,2437,0.799187892
121.1448435,13.94791667,7300,0.73,315,2019,0.730077121
121.1491367,13.94791667,6177,0.6177,507,2146,0.61779118
121.15343,13.94791667,5939,0.5939,510,2002,0.593949045
121.1577232,13.94791667,5661,0.5661,507,1830,0.566110398
121.1620165,13.94791667,6718,0.6718,380,1936,0.671848014
121.1663097,13.94791667,7007,0.7007,359,2040,0.700708629
121.170603,13.94791667,7780,0.778,264,2115,0.778058008
121.1748962,13.94791667,9008,0.9008,151,2895,0.900853578
121.1791895,13.94791667,8653,0.8653,218,3020,0.865348981
121.1834827,13.94791667,8837,0.8837,190,3079,0.8837565
121.187776,13.94791667,9273,0.9273,119,3157,0.927350427
121.1920692,13.94791667,9277,0.9277,118,3148,0.927740355
121.1963625,13.94791667,9106,0.9106,140,2992,0.910600255
121.2006557,13.94791667,9658,0.9658,58,3335,0.965811966
121.204949,13.94791667,8612,0.8612,223,2992,0.861275272
121.2092422,13.94791667,8605,0.8605,343,4576,0.86054076
121.2135355,13.94791667,8131,0.8131,457,4434,0.81312615
121.2178288,13.94791667,8575,0.8575,368,4800,0.857585139
121.222122,13.94791667,8555,0.8555,329,4226,0.855543359
121.2264153,13.94791667,9086,0.9086,245,5118,0.908633228
121.2307085,13.94791667,9283,0.9283,181,4869,0.928316832
121.2350018,13.94791667,9287,0.9287,183,4957,0.928793774
121.239295,13.94791667,9217,0.9217,207,5087,0.921798262
121.0653786,13.94375,7494,0.7494,495,3456,0.749430524
121.0696718,13.94375,9424,0.9424,135,4554,0.942418426
121.073965,13.94375,9644,0.9644,82,4525,0.964401997
121.0782582,13.94375,9803,0.9803,40,4032,0.980353635
121.0825513,13.94375,8956,0.8956,224,4070,0.895668374
121.0868445,13.94375,8798,0.8798,296,4633,0.879894502
121.0911377,13.94375,6202,0.6202,676,2884,0.620224719
121.0954309,13.94375,6178,0.6178,343,1452,0.617827298
121.099724,13.94375,7385,0.7385,458,3045,0.738509849
121.1040172,13.94375,8460,0.846,329,3946,0.846081871
121.1083104,13.94375,5191,0.5191,1279,4041,0.519172932
121.1126036,13.94375,7247,0.7247,491,3077,0.724775785
121.1168967,13.94375,7309,0.7309,641,4124,0.730954879
121.1211899,13.94375,5392,0.5392,811,2709,0.539204545
121.1254831,13.94375,7467,0.7467,397,2738,0.746730463
121.1297762,13.94375,8047,0.8047,304,2810,0.80475273
121.1340694,13.94375,8408,0.8408,242,2800,0.840894149
121.1383626,13.94375,8536,0.8536,135,1710,0.853658537
121.1426558,13.94375,8733,0.8733,134,1982,0.873345936
121.1469489,13.94375,7447,0.7447,288,1969,0.744793974
121.1512421,13.94375,6134,0.6134,443,1849,0.613438045
121.1555353,13.94375,5894,0.5894,443,1715,0.589434662
121.1598285,13.94375,5115,0.5115,496,1535,0.511570655
121.1641216,13.94375,5884,0.5884,427,1648,0.588433735
121.1684148,13.94375,8166,0.8166,180,1783,0.816607234
121.172708,13.94375,8825,0.8825,135,2163,0.882506527
121.1770012,13.94375,8694,0.8694,203,2907,0.869453376
121.1812943,13.94375,8692,0.8692,193,2760,0.869285472
121.1855875,13.94375,9026,0.9026,161,3145,0.902601331
121.1898807,13.94375,9527,0.9527,81,3348,0.952755906
121.1941739,13.94375,9390,0.939,109,3470,0.939089131
121.198467,13.94375,9883,0.9883,21,3570,0.988304094
121.2027602,13.94375,9883,0.9883,21,3570,0.988304094
121.2070534,13.94375,8712,0.8712,263,3823,0.871267744
121.2113466,13.94375,8716,0.8716,289,4215,0.871669627
121.2156397,13.94375,8738,0.8738,315,4681,0.873899119
121.2199329,13.94375,8601,0.8601,366,4870,0.860198625
121.2242261,13.94375,9321,0.9321,140,3988,0.932170543
121.2285193,13.94375,8786,0.8786,324,5018,0.878697117
121.2328124,13.94375,9243,0.9243,219,5569,0.924326192
121.2371056,13.94375,9182,0.9182,206,4832,0.918221516
121.0674862,13.93958333,9607,0.9607,96,4794,0.960736196
121.0717792,13.93958333,9180,0.918,203,4749,0.918012924
121.0760723,13.93958333,8373,0.8373,450,5084,0.837368992
121.0803654,13.93958333,9127,0.9127,213,4668,0.912722803
121.0846585,13.93958333,9435,0.9435,132,4545,0.94355356
121.0889516,13.93958333,5651,0.5651,769,2768,0.565168222
121.0932447,13.93958333,6202,0.6202,676,2884,0.620224719
121.0975378,13.93958333,2347,0.2347,2565,4139,0.234785203
121.1018309,13.93958333,4048,0.4048,1436,3390,0.404890178
121.106124,13.93958333,7951,0.7951,471,4127,0.795128317
121.1104171,13.93958333,5131,0.5131,1339,4162,0.513179422
121.1147102,13.93958333,7028,0.7028,670,3840,0.702882483
121.1190033,13.93958333,5392,0.5392,811,2709,0.539204545
121.1232964,13.93958333,5392,0.5392,811,2709,0.539204545
121.1275895,13.93958333,7527,0.7527,387,2744,0.752794634
121.1318826,13.93958333,7785,0.7785,390,3133,0.778597786
121.1361757,13.93958333,9223,0.9223,129,3193,0.922335942
121.1404688,13.93958333,9769,0.9769,35,2996,0.976905312
121.1447619,13.93958333,9193,0.9193,84,2000,0.919385797
121.149055,13.93958333,8344,0.8344,150,1662,0.834437086
121.1533481,13.93958333,6826,0.6826,317,1681,0.682682683
121.1576412,13.93958333,5698,0.5698,460,1679,0.569892473
121.1619343,13.93958333,6211,0.6211,416,1780,0.621129326
121.1662274,13.93958333,7833,0.7833,254,2091,0.78336887
121.1705205,13.93958333,8447,0.8447,240,2852,0.844760673
121.1748136,13.93958333,8683,0.8683,208,2952,0.86835443
121.1791067,13.93958333,9011,0.9011,126,2423,0.901137701
121.1833998,13.93958333,8766,0.8766,178,2708,0.876645877
121.1876929,13.93958333,8908,0.8908,173,2997,0.890851735
121.191986,13.93958333,9549,0.9549,77,3338,0.954904832
121.1962791,13.93958333,9302,0.9302,129,3569,0.930232558
121.2005722,13.93958333,8164,0.8164,461,4561,0.816407806
121.2048653,13.93958333,3718,0.3718,2637,5759,0.371843735
121.2091584,13.93958333,5423,0.5423,1135,3825,0.54233871
121.2134515,13.93958333,9010,0.901,149,2863,0.901062417
121.2177446,13.93958333,7375,0.7375,528,3496,0.737574553
121.2220376,13.93958333,8077,0.8077,532,5003,0.807768744
121.2263307,13.93958333,7702,0.7702,622,4793,0.770267775
121.2306238,13.93958333,7916,0.7916,638,5485,0.791605422
121.2349169,13.93958333,9319,0.9319,199,5651,0.931965812
121.23921,13.93958333,9533,0.9533,85,3558,0.953335163
121.0738873,13.93541667,9342,0.9342,147,4323,0.934228188
121.0781803,13.93541667,9190,0.919,185,4386,0.919054911
121.0824733,13.93541667,9148,0.9148,195,4387,0.91488433
121.0867663,13.93541667,8717,0.8717,276,4028,0.871747212
121.0910593,13.93541667,1537,0.1537,3488,4755,0.153706175
121.0953524,13.93541667,1537,0.1537,3488,4755,0.153706175
121.0996454,13.93541667,9561,0.9561,55,2451,0.956105347
121.1039384,13.93541667,8073,0.8073,322,3020,0.807301017
121.1082314,13.93541667,8391,0.8391,322,3681,0.83912066
121.1125244,13.93541667,7440,0.744,433,2950,0.744014189
121.1168175,13.93541667,8073,0.8073,335,3142,0.807305148
121.1211105,13.93541667,6838,0.6838,657,3499,0.683830606
121.1254035,13.93541667,4887,0.4887,1283,3736,0.488742777
121.1296965,13.93541667,5122,0.5122,1162,3603,0.51227702
121.1339895,13.93541667,8498,0.8498,269,3314,0.849846497
121.1382826,13.93541667,9223,0.9223,129,3193,0.922335942
121.1425756,13.93541667,8580,0.858,220,2880,0.858064516
121.1468686,13.93541667,7674,0.7674,309,2348,0.76740685
121.1511616,13.93541667,8713,0.8713,186,2705,0.871324801
121.1554546,13.93541667,8064,0.8064,254,2371,0.80647619
121.1597476,13.93541667,7611,0.7611,310,2286,0.761171032
121.1640407,13.93541667,7472,0.7472,342,2364,0.747228381
121.1683337,13.93541667,7683,0.7683,348,2656,0.768308921
121.1726267,13.93541667,8740,0.874,199,2961,0.874050633
121.1769197,13.93541667,8671,0.8671,212,2979,0.867126293
121.1812127,13.93541667,7070,0.707,914,5326,0.707051282
121.1855058,13.93541667,9545,0.9545,69,2970,0.954590326
121.1897988,13.93541667,9413,0.9413,87,2881,0.941374663
121.1940918,13.93541667,8107,0.8107,528,5053,0.810786597
121.1983848,13.93541667,8932,0.8932,273,4843,0.893275997
121.2026778,13.93541667,9005,0.9005,267,5100,0.900503074
121.2069709,13.93541667,8814,0.8814,294,4665,0.881427707
121.2112639,13.93541667,8678,0.8678,322,4551,0.867843218
121.2155569,13.93541667,8688,0.8688,315,4490,0.868886576
121.2198499,13.93541667,8284,0.8284,377,4017,0.828402367
121.2241429,13.93541667,8820,0.882,335,5346,0.882063017
121.228436,13.93541667,9181,0.9181,213,4990,0.918124159
121.232729,13.93541667,8879,0.8879,311,5241,0.8879683
121.237022,13.93541667,9201,0.9201,243,5840,0.920105211
121.0759958,13.93125,9190,0.919,185,4386,0.919054911
121.0802888,13.93125,9148,0.9148,195,4387,0.91488433
121.0845817,13.93125,8319,0.8319,386,4209,0.831991295
121.0888747,13.93125,6226,0.6226,777,3341,0.622632346
121.0931676,13.93125,5443,0.5443,891,3020,0.544362056
121.0974605,13.93125,5063,0.5063,685,2090,0.506306306
121.1017535,13.93125,8692,0.8692,98,1401,0.869246164
121.1060464,13.93125,9012,0.9012,67,1290,0.901252763
121.1103394,13.93125,7440,0.744,433,2950,0.744014189
121.1146323,13.93125,8073,0.8073,335,3142,0.807305148
121.1189252,13.93125,8513,0.8513,261,3250,0.851324409
121.1232182,13.93125,5010,0.501,1243,3739,0.501003613
121.1275111,13.93125,9225,0.9225,140,3477,0.92258778
121.1318041,13.93125,7468,0.7468,421,2905,0.746843055
121.136097,13.93125,6915,0.6915,505,2769,0.691508858
121.14039,13.93125,6827,0.6827,522,2769,0.682771194
121.1446829,13.93125,6449,0.6449,592,2743,0.644977511
121.1489758,13.93125,8165,0.8165,298,2950,0.816502463
121.1532688,13.93125,8491,0.8491,204,2501,0.849168207
121.1575617,13.93125,7954,0.7954,275,2414,0.795462997
121.1618547,13.93125,6892,0.6892,571,3104,0.689251701
121.1661476,13.93125,4499,0.4499,1568,4133,0.449921066
121.1704406,13.93125,7078,0.7078,637,3724,0.707865169
121.1747335,13.93125,9383,0.9383,106,3332,0.938336242
121.1790264,13.93125,7070,0.707,914,5326,0.707051282
121.1833194,13.93125,7640,0.764,277,2071,0.764054514
121.1876123,13.93125,9545,0.9545,69,2970,0.954590326
121.1919053,13.93125,9122,0.9122,163,3550,0.912200377
121.1961982,13.93125,8688,0.8688,298,4245,0.868809157
121.2004912,13.93125,8827,0.8827,281,4511,0.882721202
121.2047841,13.93125,8740,0.874,294,4375,0.874062969
121.209077,13.93125,8953,0.8953,251,4547,0.895373072
121.21337,13.93125,8618,0.8618,331,4461,0.861853088
121.2176629,13.93125,8284,0.8284,377,4017,0.828402367
121.2219559,13.93125,8286,0.8286,430,4589,0.828651126
121.2262488,13.93125,9388,0.9388,112,3550,0.93883124
121.2305417,13.93125,8737,0.8737,320,4749,0.873742355
121.2348347,13.93125,9098,0.9098,254,5383,0.909881142
121.078105,13.92708333,8840,0.884,262,4256,0.884019478
121.0823978,13.92708333,8581,0.8581,320,4191,0.858124584
121.0866907,13.92708333,8319,0.8319,386,4209,0.831991295
121.0909836,13.92708333,3637,0.3637,1583,3393,0.363745981
121.0952764,13.92708333,7941,0.7941,454,3956,0.794104308
121.0995693,13.92708333,7176,0.7176,666,4052,0.717676982
121.1038622,13.92708333,7165,0.7165,590,3573,0.716550564
121.108155,13.92708333,7411,0.7411,400,2691,0.741184083
121.1124479,13.92708333,9499,0.9499,76,2961,0.949950609
121.1167407,13.92708333,8833,0.8833,184,2970,0.883322765
121.1210336,13.92708333,9387,0.9387,107,3386,0.938734612
121.1253265,13.92708333,8641,0.8641,283,3883,0.864138262
121.1296193,13.92708333,8932,0.8932,180,3191,0.893206764
121.1339122,13.92708333,7655,0.7655,386,2907,0.765563316
121.1382051,13.92708333,7453,0.7453,393,2693,0.745301361
121.1424979,13.92708333,7212,0.7212,498,3075,0.721242653
121.1467908,13.92708333,7183,0.7183,415,2532,0.718357652
121.1510837,13.92708333,7183,0.7183,415,2532,0.718357652
121.1553765,13.92708333,4243,0.4243,1159,2868,0.424385399
121.1596694,13.92708333,6876,0.6876,585,3161,0.687666845
121.1639623,13.92708333,4499,0.4499,1568,4133,0.449921066
121.1682551,13.92708333,7078,0.7078,637,3724,0.707865169
121.172548,13.92708333,6652,0.6652,687,3418,0.665286236
121.1768409,13.92708333,6149,0.6149,767,3217,0.614959839
121.1811337,13.92708333,8076,0.8076,342,3214,0.807649044
121.1854266,13.92708333,7961,0.7961,407,3587,0.796194291
121.1897194,13.92708333,8286,0.8286,401,4280,0.828669088
121.1940123,13.92708333,9163,0.9163,124,2839,0.916301046
121.1983052,13.92708333,8955,0.8955,182,3303,0.895552367
121.202598,13.92708333,9285,0.9285,162,4373,0.928555678
121.2068909,13.92708333,9862,0.9862,14,2020,0.986234022
121.2111838,13.92708333,8773,0.8773,306,4683,0.877330126
121.2154766,13.92708333,8997,0.8997,218,4130,0.899724011
121.2197695,13.92708333,9491,0.9491,89,3410,0.949128322
121.2240624,13.92708333,9388,0.9388,112,3550,0.93883124
121.2283552,13.92708333,9388,0.9388,112,3550,0.93883124
121.2326481,13.92708333,9010,0.901,243,4668,0.901038485
121.236941,13.92708333,9268,0.9268,153,4029,0.926829268
121.114557,13.92291667,9499,0.9499,76,2961,0.949950609
121.1188497,13.92291667,9225,0.9225,131,3253,0.922576832
121.1231425,13.92291667,9144,0.9144,137,3065,0.914428482
121.1274353,13.92291667,9048,0.9048,149,2983,0.904853129
121.1317281,13.92291667,9131,0.9131,144,3173,0.913174555
121.1360209,13.92291667,8186,0.8186,298,2989,0.818679647
121.1403137,13.92291667,8186,0.8186,298,2989,0.818679647
121.1446065,13.92291667,7212,0.7212,498,3075,0.721242653
121.1488993,13.92291667,7183,0.7183,415,2532,0.718357652
121.153192,13.92291667,3857,0.3857,1020,2301,0.385727191
121.1574848,13.92291667,7151,0.7151,361,2174,0.715187377
121.1617776,13.92291667,7878,0.7878,368,3101,0.787835111
121.1660704,13.92291667,6918,0.6918,618,3393,0.69184742
121.1703632,13.92291667,6652,0.6652,687,3418,0.665286236
121.174656,13.92291667,6149,0.6149,767,3217,0.614959839
121.1789488,13.92291667,6149,0.6149,767,3217,0.614959839
121.1832416,13.92291667,7207,0.7207,373,2298,0.720703856
121.1875343,13.92291667,9719,0.9719,33,2321,0.971962617
121.1918271,13.92291667,9719,0.9719,33,2321,0.971962617
121.1961199,13.92291667,9092,0.9092,136,2860,0.909212283
121.2004127,13.92291667,8962,0.8962,241,4407,0.896299484
121.2047055,13.92291667,9285,0.9285,162,4373,0.928555678
121.2089983,13.92291667,9283,0.9283,62,1668,0.928323699
121.2132911,13.92291667,8849,0.8849,286,4685,0.884932609
121.2175839,13.92291667,8840,0.884,314,5100,0.884004433
121.2218766,13.92291667,9047,0.9047,175,3500,0.904761905
121.2261694,13.92291667,9369,0.9369,108,3320,0.936989498
121.2304622,13.92291667,9494,0.9494,100,3853,0.949405515
121.234755,13.92291667,9494,0.9494,100,3853,0.949405515
121.1166666,13.91875,8821,0.8821,190,3035,0.882170543
121.1209593,13.91875,9144,0.9144,137,3065,0.914428482
121.125252,13.91875,9048,0.9048,149,2983,0.904853129
121.1295447,13.91875,9048,0.9048,149,2983,0.904853129
121.1338374,13.91875,9057,0.9057,165,3338,0.905795033
121.1381302,13.91875,8043,0.8043,320,2951,0.80434118
121.1424229,13.91875,7706,0.7706,362,2795,0.770668356
121.1467156,13.91875,7706,0.7706,362,2795,0.770668356
121.1510083,13.91875,9665,0.9665,53,3119,0.966582598
121.155301,13.91875,4386,0.4386,1685,4318,0.438614026
121.1595937,13.91875,7878,0.7878,368,3101,0.787835111
121.1638864,13.91875,4589,0.4589,1184,3193,0.458990176
121.1681791,13.91875,6358,0.6358,783,3517,0.635813953
121.1724718,13.91875,8853,0.8853,118,1940,0.885325559
121.1767645,13.91875,8853,0.8853,118,1940,0.885325559
121.1810573,13.91875,8618,0.8618,191,2574,0.861844485
121.18535,13.91875,7997,0.7997,376,3380,0.799787007
121.1896427,13.91875,8009,0.8009,547,4948,0.800909918
121.1939354,13.91875,9086,0.9086,251,5245,0.908660844
121.1982281,13.91875,8772,0.8772,300,4587,0.877225292
121.2025208,13.91875,8773,0.8773,292,4468,0.877310924
121.2068135,13.91875,9095,0.9095,222,4686,0.909535452
121.2111062,13.91875,8849,0.8849,286,4685,0.884932609
121.2153989,13.91875,8840,0.884,314,5100,0.884004433
121.2196916,13.91875,9047,0.9047,175,3500,0.904761905
121.2239844,13.91875,9047,0.9047,175,3500,0.904761905
121.2282771,13.91875,8994,0.8994,168,3174,0.8994614
121.2325698,13.91875,8807,0.8807,178,2807,0.880737018
121.2368625,13.91875,9751,0.9751,41,3255,0.975121359
121.1187768,13.91458333,9500,0.95,90,3513,0.950041632
121.1230695,13.91458333,9383,0.9383,94,2956,0.938360656
121.1273621,13.91458333,9012,0.9012,162,3118,0.901219512
121.1316547,13.91458333,9057,0.9057,165,3338,0.905795033
121.1359473,13.91458333,9057,0.9057,165,3338,0.905795033
121.14024,13.91458333,8043,0.8043,320,2951,0.80434118
121.1445326,13.91458333,9435,0.9435,89,3064,0.943545829
121.1488252,13.91458333,6374,0.6374,740,3342,0.637432631
121.1531179,13.91458333,4331,0.4331,1233,3117,0.433103448
121.1574105,13.91458333,7121,0.7121,421,2504,0.712136752
121.1617031,13.91458333,4589,0.4589,1184,3193,0.458990176
121.1659958,13.91458333,6358,0.6358,783,3517,0.635813953
121.1702884,13.91458333,7251,0.7251,549,3446,0.725156446
121.174581,13.91458333,4737,0.4737,978,2739,0.473769169
121.1788737,13.91458333,9581,0.9581,49,2292,0.958137548
121.1831663,13.91458333,8545,0.8545,147,1874,0.854527462
121.1874589,13.91458333,7169,0.7169,446,2705,0.716915265
121.1917516,13.91458333,8073,0.8073,423,3969,0.807377049
121.1960442,13.91458333,8145,0.8145,479,4686,0.814520813
121.2003368,13.91458333,3055,0.3055,3037,5710,0.305590488
121.2046295,13.91458333,8009,0.8009,506,4578,0.800944138
121.2089221,13.91458333,9075,0.9075,235,4848,0.90753492
121.2132147,13.91458333,8902,0.8902,256,4408,0.890222985
121.2175074,13.91458333,9070,0.907,148,3036,0.907035176
121.2218,13.91458333,8819,0.8819,270,4305,0.881967213
121.2260926,13.91458333,8010,0.801,475,4301,0.801088777
121.2303853,13.91458333,9918,0.9918,14,3420,0.991846243
121.2346779,13.91458333,9733,0.9733,48,3553,0.973340739
121.1208876,13.91041667,9383,0.9383,94,2956,0.938360656
121.1251801,13.91041667,8778,0.8778,318,4887,0.877809798
121.1294727,13.91041667,9139,0.9139,234,5203,0.913923119
121.1337653,13.91041667,8552,0.8552,415,5321,0.855299861
121.1380578,13.91041667,4758,0.4758,1170,3294,0.475806452
121.1423504,13.91041667,6648,0.6648,1011,5022,0.664843362
121.1466429,13.91041667,9435,0.9435,89,3064,0.943545829
121.1509355,13.91041667,3480,0.348,1732,3581,0.348014305
121.155228,13.91041667,7121,0.7121,421,2504,0.712136752
121.1595206,13.91041667,4767,0.4767,1583,4468,0.476780697
121.1638131,13.91041667,4146,0.4146,2000,4833,0.414605591
121.1681057,13.91041667,3650,0.365,2326,5001,0.365088031
121.1723983,13.91041667,4342,0.4342,1381,3501,0.434248259
121.1766908,13.91041667,9581,0.9581,49,2292,0.958137548
121.1809834,13.91041667,9581,0.9581,49,2292,0.958137548
121.1852759,13.91041667,8545,0.8545,147,1874,0.854527462
121.1895685,13.91041667,7169,0.7169,446,2705,0.716915265
121.193861,13.91041667,8691,0.8691,207,2957,0.869152971
121.1981536,13.91041667,5661,0.5661,1220,4404,0.566145092
121.2024461,13.91041667,6523,0.6523,979,4653,0.65234375
121.2067387,13.91041667,8744,0.8744,223,3330,0.874472277
121.2110313,13.91041667,9351,0.9351,168,5010,0.935110081
121.2153238,13.91041667,8419,0.8419,426,4965,0.84195882
121.2196164,13.91041667,8511,0.8511,282,3506,0.851108765
121.2239089,13.91041667,8089,0.8089,484,4582,0.808922227
121.2282015,13.91041667,9494,0.9494,116,4472,0.949433304
121.232494,13.91041667,9809,0.9809,32,3335,0.980991981
121.2367866,13.91041667,9691,0.9691,33,2109,0.969187675
121.1187065,13.90625,9966,0.9966,5,3002,0.996674426
121.1229989,13.90625,8941,0.8941,277,4957,0.894153611
121.1272914,13.90625,8863,0.8863,260,4316,0.886363636
121.1315839,13.90625,9414,0.9414,167,5537,0.9414446
121.1358764,13.90625,9056,0.9056,300,6057,0.905615857
121.1401688,13.90625,7086,0.7086,896,5255,0.708665258
121.1444613,13.90625,7867,0.7867,338,2832,0.786750789
121.1487538,13.90625,7867,0.7867,338,2832,0.786750789
121.1530463,13.90625,9857,0.9857,18,2511,0.985765125
121.1573388,13.90625,3621,0.3621,982,2097,0.362130562
121.1616312,13.90625,3924,0.3924,1974,4524,0.39242844
121.1659237,13.90625,6503,0.6503,904,4267,0.650357764
121.1702162,13.90625,5530,0.553,1073,3728,0.55300979
121.1745087,13.90625,4378,0.4378,1002,2563,0.437868163
121.1788011,13.90625,8846,0.8846,238,3888,0.884634028
121.1830936,13.90625,8423,0.8423,240,2804,0.842312746
121.1873861,13.90625,7540,0.754,301,2147,0.754084967
121.1916786,13.90625,8691,0.8691,207,2957,0.869152971
121.1959711,13.90625,5297,0.5297,1302,4236,0.52979415
121.2002635,13.90625,6880,0.688,704,3810,0.688081524
121.204556,13.90625,7029,0.7029,698,4001,0.702915514
121.2088485,13.90625,8516,0.8516,422,5268,0.851669596
121.213141,13.90625,8845,0.8845,320,5224,0.884559885
121.2174334,13.90625,9426,0.9426,68,2305,0.94268858
121.2217259,13.90625,6759,0.6759,736,3807,0.675985032
121.2260184,13.90625,9096,0.9096,163,3445,0.909645233
121.2303109,13.90625,9809,0.9809,32,3335,0.980991981
121.2346034,13.90625,9476,0.9476,105,3903,0.94760479
121.2388958,13.90625,8893,0.8893,226,3859,0.889351285
121.1208184,13.90208333,8387,0.8387,330,3762,0.838709677
121.1251108,13.90208333,9087,0.9087,238,4978,0.908742331
121.1294032,13.90208333,9157,0.9157,231,5253,0.915754923
121.1336956,13.90208333,8232,0.8232,468,4828,0.82326284
121.137988,13.90208333,8088,0.8088,314,2971,0.808828006
121.1422804,13.90208333,7437,0.7437,622,4233,0.74376931
121.1465728,13.90208333,7867,0.7867,338,2832,0.786750789
121.1508652,13.90208333,6252,0.6252,879,3812,0.625239821
121.1551576,13.90208333,6252,0.6252,879,3812,0.625239821
121.15945,13.90208333,7254,0.7254,714,4488,0.725490196
121.1637424,13.90208333,5544,0.5544,1263,4406,0.554418769
121.1680348,13.90208333,6139,0.6139,966,4038,0.613908873
121.1723272,13.90208333,6064,0.6064,1225,5000,0.606425703
121.1766196,13.90208333,5044,0.5044,1658,5033,0.504408907
121.180912,13.90208333,9974,0.9974,3,2383,0.997485331
121.1852044,13.90208333,9498,0.9498,52,2022,0.949855352
121.1894968,13.90208333,8407,0.8407,151,1745,0.8407173
121.1937892,13.90208333,8407,0.8407,151,1745,0.8407173
121.1980816,13.90208333,8988,0.8988,83,1558,0.898842169
121.202374,13.90208333,8632,0.8632,269,3664,0.863208747
121.2066664,13.90208333,8516,0.8516,422,5268,0.851669596
121.2238361,13.90208333,8700,0.87,296,4258,0.870004392
121.2281285,13.90208333,5796,0.5796,1034,3886,0.579674797
121.2324209,13.90208333,4880,0.488,1643,4776,0.488082256
121.2367133,13.90208333,9476,0.9476,105,3903,0.94760479
121.2410057,13.90208333,8950,0.895,217,3917,0.895016933
121.1272233,13.89791667,8661,0.8661,341,4753,0.866117
121.1315156,13.89791667,9157,0.9157,231,5253,0.915754923
121.1358079,13.89791667,8027,0.8027,407,3720,0.802762297
121.1401003,13.89791667,7723,0.7723,470,3660,0.772397094
121.1443926,13.89791667,8000,0.8,152,1368,0.8
121.1486849,13.89791667,8164,0.8164,116,1148,0.816455696
121.1529772,13.89791667,8865,0.8865,70,1164,0.886547812
121.1572696,13.89791667,9045,0.9045,83,1657,0.904597701
121.1615619,13.89791667,8232,0.8232,379,3910,0.823268827
121.1658542,13.89791667,7534,0.7534,418,2973,0.753465055
121.1701465,13.89791667,6699,0.6699,900,4554,0.669966997
121.1744389,13.89791667,6064,0.6064,1225,5000,0.606425703
121.1787312,13.89791667,5616,0.5616,920,3278,0.561696046
121.1830235,13.89791667,9974,0.9974,3,2383,0.997485331
121.1873158,13.89791667,9498,0.9498,52,2022,0.949855352
121.1916082,13.89791667,4936,0.4936,1188,3504,0.493606138
121.1959005,13.89791667,4066,0.4066,1453,3445,0.406696611
121.2001928,13.89791667,8632,0.8632,269,3664,0.863208747
121.2302391,13.89791667,8801,0.8801,255,4000,0.880141011
121.2345314,13.89791667,8489,0.8489,368,4503,0.848901663
121.2388237,13.89791667,8838,0.8838,288,4671,0.88384755
121.243116,13.89791667,8950,0.895,217,3917,0.895016933
121.2474084,13.89791667,9724,0.9724,32,2289,0.972425679
121.1250441,13.89375,9639,0.9639,88,4798,0.963978715
121.1293363,13.89375,9016,0.9016,184,3558,0.901656868
121.1336286,13.89375,6657,0.6657,922,4595,0.665760377
121.1379208,13.89375,7789,0.7789,406,3268,0.77898748
121.1422131,13.89375,9915,0.9915,13,3061,0.991541965
121.1465053,13.89375,9431,0.9431,101,3454,0.943178622
121.1507976,13.89375,8175,0.8175,103,1026,0.817537644
121.1550898,13.89375,8318,0.8318,105,1144,0.831865492
121.1593821,13.89375,8237,0.8237,116,1200,0.823708207
121.1636743,13.89375,9044,0.9044,66,1315,0.904417089
121.1679666,13.89375,9084,0.9084,114,2376,0.908433735
121.1722588,13.89375,8952,0.8952,157,2840,0.895228562
121.176551,13.89375,4771,0.4771,1328,3752,0.477165354
121.1808433,13.89375,3243,0.3243,2334,4575,0.324359531
121.1851355,13.89375,5681,0.5681,1345,4884,0.568148981
121.1894278,13.89375,4936,0.4936,1188,3504,0.493606138
121.19372,13.89375,4066,0.4066,1453,3445,0.406696611
121.1980123,13.89375,9388,0.9388,76,2408,0.938808374
121.2023045,13.89375,6014,0.6014,693,2785,0.601495112
121.2323502,13.89375,9648,0.9648,66,3685,0.964809384
121.2366425,13.89375,6687,0.6687,658,3315,0.668764158
121.2409347,13.89375,4645,0.4645,1381,3777,0.464521132
121.245227,13.89375,9724,0.9724,32,2289,0.972425679
121.2495192,13.89375,7022,0.7022,282,1612,0.702217529
121.2538115,13.89375,9548,0.9548,86,3722,0.954831933
121.2581037,13.89375,8877,0.8877,277,4660,0.887786105
121.1228656,13.88958333,9918,0.9918,14,3401,0.991800878
121.1271578,13.88958333,8306,0.8306,166,1795,0.830698623
121.1314499,13.88958333,9518,0.9518,63,2553,0.951834862
121.1357421,13.88958333,5313,0.5313,1069,3493,0.531345901
121.1400343,13.88958333,8991,0.8991,207,3898,0.899147381
121.1443264,13.88958333,8664,0.8664,268,3745,0.866434089
121.1486186,13.88958333,9054,0.9054,55,1109,0.905498282
121.1529108,13.88958333,8175,0.8175,103,1026,0.817537644
121.1572029,13.88958333,7060,0.706,568,3297,0.706080207
121.1614951,13.88958333,4589,0.4589,2080,5609,0.458967356
121.1657873,13.88958333,6656,0.6656,984,4902,0.665647299
121.1700795,13.88958333,5281,0.5281,1576,5104,0.528143713
121.1743716,13.88958333,4625,0.4625,1159,3154,0.462555066
121.1786638,13.88958333,5081,0.5081,1165,3572,0.508127507
121.182956,13.88958333,4465,0.4465,2003,5235,0.446532191
121.1872481,13.88958333,9023,0.9023,262,5106,0.902384501
121.1915403,13.88958333,8148,0.8148,473,4637,0.814872798
121.1958325,13.88958333,8400,0.84,413,4750,0.840015495
121.2001246,13.88958333,5911,0.5911,920,3580,0.591111111
121.2430463,13.88958333,8752,0.8752,191,2871,0.875244938
121.2473385,13.88958333,9107,0.9107,130,2782,0.910714286
121.2516307,13.88958333,9276,0.9276,96,2556,0.92760181
121.2559228,13.88958333,9095,0.9095,170,3589,0.909550412
121.260215,13.88958333,9400,0.94,106,3430,0.940045249
121.2645072,13.88958333,9514,0.9514,90,3614,0.951403888
121.2687993,13.88958333,9088,0.9088,158,3310,0.9088812
121.1249799,13.88541667,4955,0.4955,1462,4334,0.495514148
121.129272,13.88541667,8819,0.8819,255,4067,0.881999075
121.1335641,13.88541667,9729,0.9729,49,3572,0.972935653
121.1378562,13.88541667,8638,0.8638,320,4380,0.863829787
121.1421483,13.88541667,7075,0.7075,773,4513,0.707529323
121.1464404,13.88541667,8837,0.8837,249,4035,0.883753501
121.1507325,13.88541667,7992,0.7992,394,3531,0.799235669
121.1550246,13.88541667,6988,0.6988,506,2855,0.698899137
121.1593166,13.88541667,6829,0.6829,592,3142,0.682913765
121.1636087,13.88541667,8102,0.8102,476,4541,0.810245166
121.1679008,13.88541667,7572,0.7572,485,3511,0.757257257
121.1721929,13.88541667,4659,0.4659,1641,4504,0.465907242
121.176485,13.88541667,3057,0.3057,2738,5150,0.305780933
121.1807771,13.88541667,4452,0.4452,1463,3811,0.445202882
121.1850692,13.88541667,6716,0.6716,707,3600,0.671697237
121.1893613,13.88541667,9528,0.9528,112,4639,0.952852031
121.1936534,13.88541667,8240,0.824,462,4788,0.824
121.1356788,13.88125,9729,0.9729,49,3572,0.972935653
121.1399708,13.88125,7075,0.7075,773,4513,0.707529323
121.1442629,13.88125,8837,0.8837,249,4035,0.883753501
121.1485549,13.88125,8423,0.8423,240,2805,0.842364532
121.1528469,13.88125,8085,0.8085,405,3826,0.808555897
121.1571389,13.88125,9508,0.9508,96,3809,0.950832266
121.1614309,13.88125,7117,0.7117,717,4257,0.711700844
121.1657229,13.88125,8364,0.8364,196,2201,0.836462244
121.1700149,13.88125,4659,0.4659,1641,4504,0.465907242
121.174307,13.88125,7084,0.7084,590,3458,0.708498024
121.178599,13.88125,9694,0.9694,65,4193,0.969469234
121.182891,13.88125,9409,0.9409,52,1708,0.940909091
121.187183,13.88125,9000,0.9,83,1578,0.900060205
121.1335022,13.87708333,7563,0.7563,502,3619,0.756369813
121.1377941,13.87708333,7563,0.7563,502,3619,0.756369813
121.142086,13.87708333,7855,0.7855,455,3789,0.785579642
121.146378,13.87708333,8423,0.8423,240,2805,0.842364532
121.1506699,13.87708333,7917,0.7917,246,2116,0.791701948
121.1549619,13.87708333,9983,0.9983,3,3622,0.998344828
121.1592538,13.87708333,7938,0.7938,335,2915,0.793846154
121.1635457,13.87708333,4861,0.4861,1740,5032,0.486119315
121.1678377,13.87708333,4549,0.4549,1351,3606,0.454912245
121.1721296,13.87708333,7724,0.7724,339,2641,0.772483221
121.1764216,13.87708333,9694,0.9694,65,4193,0.969469234
121.1807135,13.87708333,8070,0.807,316,2959,0.807022901
121.1313262,13.87291667,8842,0.8842,222,3614,0.884254432
121.1356181,13.87291667,8941,0.8941,213,3811,0.894135189
121.13991,13.87291667,7609,0.7609,460,3388,0.760914761
121.1442018,13.87291667,7609,0.7609,460,3388,0.760914761
121.1484937,13.87291667,7749,0.7749,305,2405,0.774907749
121.1527855,13.87291667,6412,0.6412,755,3454,0.641244951
121.1570774,13.87291667,7673,0.7673,339,2575,0.76733013
121.1613693,13.87291667,7495,0.7495,727,5079,0.749569411
121.1656611,13.87291667,5005,0.5005,1155,3470,0.500540541
121.169953,13.87291667,8481,0.8481,166,2021,0.848193873
121.1742449,13.87291667,7032,0.7032,540,3099,0.703215169
121.1785367,13.87291667,7530,0.753,440,3124,0.75308642
121.1463182,13.86875,8912,0.8912,157,2730,0.891236578
121.15061,13.86875,9325,0.9325,103,2951,0.932547479
121.1549017,13.86875,9325,0.9325,103,2951,0.932547479
121.1591935,13.86875,8112,0.8112,458,4394,0.811211871
121.1634853,13.86875,5005,0.5005,1155,3470,0.500540541
121.1677771,13.86875,8504,0.8504,292,3613,0.850448143
121.1720689,13.86875,8891,0.8891,188,3204,0.889150943
121.1613102,13.86458333,7708,0.7708,416,3215,0.770862021
121.1656019,13.86458333,8357,0.8357,311,3477,0.835797254
